-- MariaDB dump 10.19  Distrib 10.5.11-MariaDB, for Linux (x86_64)
--
-- Host: localhost    Database: ppe_lourd_gestionrdv_db
-- ------------------------------------------------------
-- Server version	10.5.11-MariaDB

/*!40101 SET @OLD_CHARACTER_SET_CLIENT=@@CHARACTER_SET_CLIENT */;
/*!40101 SET @OLD_CHARACTER_SET_RESULTS=@@CHARACTER_SET_RESULTS */;
/*!40101 SET @OLD_COLLATION_CONNECTION=@@COLLATION_CONNECTION */;
/*!40101 SET NAMES utf8mb4 */;
/*!40103 SET @OLD_TIME_ZONE=@@TIME_ZONE */;
/*!40103 SET TIME_ZONE='+00:00' */;
/*!40014 SET @OLD_UNIQUE_CHECKS=@@UNIQUE_CHECKS, UNIQUE_CHECKS=0 */;
/*!40014 SET @OLD_FOREIGN_KEY_CHECKS=@@FOREIGN_KEY_CHECKS, FOREIGN_KEY_CHECKS=0 */;
/*!40101 SET @OLD_SQL_MODE=@@SQL_MODE, SQL_MODE='NO_AUTO_VALUE_ON_ZERO' */;
/*!40111 SET @OLD_SQL_NOTES=@@SQL_NOTES, SQL_NOTES=0 */;

--
-- Table structure for table `cabinet_medical`
--

DROP TABLE IF EXISTS `cabinet_medical`;
/*!40101 SET @saved_cs_client     = @@character_set_client */;
/*!40101 SET character_set_client = utf8 */;
CREATE TABLE `cabinet_medical` (
  `CABNum` int(11) NOT NULL AUTO_INCREMENT,
  `Nom` varchar(255) DEFAULT NULL,
  `Adresse` varchar(255) DEFAULT NULL,
  `Effectif` int(11) DEFAULT NULL,
  `Horaires` varchar(255) DEFAULT NULL,
  PRIMARY KEY (`CABNum`)
) ENGINE=InnoDB AUTO_INCREMENT=51 DEFAULT CHARSET=latin1;
/*!40101 SET character_set_client = @saved_cs_client */;

--
-- Dumping data for table `cabinet_medical`
--

LOCK TABLES `cabinet_medical` WRITE;
/*!40000 ALTER TABLE `cabinet_medical` DISABLE KEYS */;
INSERT INTO `cabinet_medical` VALUES (1,'Lyon6','Lyon 6eLyon 6eLyon 6eLyon 6eLyon 6eLyon 6eLyon 6eLyon 6eLyon 6eLyon 6eLyon 6eLyon 6eLyon 6eLyon 6eLyon 6eLyon 6eLyon 6eLyon 6eLyon 6eLyon 6eLyon 6eLyon 6eLyon 6eLyon 6eLyon 6eLyon 6eLyon 6eLyon 6eLyon 6eLyon 6eLyon 6eLyon 6eLyon 6eLyon 6e',3,'8h-20h'),(2,'Sporer, Friesen and Considine','3 Acker Circle',5,NULL),(3,'Leuschke LLC','8 Meadow Valley Circle',4,''),(4,'Greenholt and Sons','3 Center Crossing',5,''),(5,'Hartmann Inc','3802 Ryan Center',6,'18'),(6,'Ryan-Klocko','00 Tony Pass',3,NULL),(7,'Block, Morissette and Rosenbaum','84 Muir Court',1,''),(8,'Heller, Ward and Conroy','6891 American Road',1,NULL),(9,'Dach-Frami','147 Coleman Way',2,NULL),(10,'Harris, Champlin and Schmitt','5 Thackeray Junction',5,NULL),(11,'Walsh, Hagenes and Ferry','7555 Reindahl Point',2,NULL),(12,'Goldner, Marvin and Sawayn','04257 Holmberg Avenue',6,NULL),(13,'Jacobs Group','1214 Muir Trail',1,NULL),(14,'Johns-Bergstrom','466 Katie Lane',4,NULL),(15,'Torp-Hegmann','7 Mifflin Avenue',3,NULL),(16,'Feest-O\'Reilly','642 Florence Crossing',6,NULL),(17,'Zemlak Group','52310 Anderson Trail',2,NULL),(18,'MacGyver, Klein and Shields','00 Kenwood Alley',3,NULL),(19,'Weissnat-Hane','93 Blackbird Parkway',5,NULL),(20,'Bogisich LLC','59108 Dorton Crossing',3,NULL),(21,'Beatty and Sons','07 Fallview Point',2,NULL),(22,'Emard Inc','6674 8th Place',1,NULL),(23,'Bode-Schaden','5107 Red Cloud Plaza',5,NULL),(24,'Smith, Kuphal and VonRueden','3 Transport Lane',2,NULL),(25,'Stroman-Ferry','08 Northport Park',4,NULL),(26,'Kreiger-Stokes','72009 Spohn Way',3,NULL),(27,'Boehm-Abbott','44075 7th Street',1,NULL),(28,'Braun-Huel','8781 Hagan Terrace',1,NULL),(29,'Lindgren, Schinner and Howe','27 Westerfield Terrace',1,NULL),(30,'Renner-Padberg','8 Meadow Valley Crossing',2,NULL),(31,'Parker, Pagac and Bins','4 Summit Pass',5,NULL),(32,'Padberg-Brekke','83 Bartelt Trail',6,NULL),(33,'Von-Conn','50402 Cottonwood Place',3,NULL),(34,'Sanford and Sons','00144 Debra Pass',1,NULL),(35,'Parker Group','6 Hansons Pass',2,NULL),(36,'Kuhn, Swaniawski and Upton','30 Spenser Plaza',1,NULL),(37,'Hoppe-Gutkowski','1517 Washington Center',6,NULL),(38,'MacGyver-Murphy','687 Everett Center',5,NULL),(39,'Lang-Zieme','4690 Ridgeview Point',3,NULL),(40,'Roob and Sons','30586 John Wall Lane',5,NULL),(41,'Goldner-McGlynn','85604 6th Junction',6,NULL),(42,'Mayert, Gutkowski and Howell','1 Roxbury Crossing',1,NULL),(43,'Hilpert, Dibbert and Mertz','72271 Bluejay Trail',2,NULL),(44,'D\'Amore and Sons','96 Sycamore Pass',4,NULL),(45,'Halvorson, Jacobi and Strosin','0269 Superior Drive',1,NULL),(46,'Bosco, Bins and Terry','914 Ruskin Trail',6,NULL),(47,'Swaniawski, Grimes and Boyle','1085 Vahlen Terrace',6,NULL),(48,'Koss and Sons','8 Algoma Road',4,NULL),(49,'Lebsack-Thiel','19 Scoville Park',5,NULL),(50,'Murray, Swaniawski and Mayer','09998 Buena Vista Trail',6,'12');
/*!40000 ALTER TABLE `cabinet_medical` ENABLE KEYS */;
UNLOCK TABLES;

--
-- Table structure for table `client`
--

DROP TABLE IF EXISTS `client`;
/*!40101 SET @saved_cs_client     = @@character_set_client */;
/*!40101 SET character_set_client = utf8 */;
CREATE TABLE `client` (
  `CLINum` int(11) NOT NULL AUTO_INCREMENT,
  `Nom` varchar(255) DEFAULT NULL,
  `Prenom` varchar(255) DEFAULT NULL,
  `Adresse` varchar(255) DEFAULT NULL,
  `Email` varchar(255) DEFAULT NULL,
  `Telephone` varchar(10) DEFAULT NULL,
  PRIMARY KEY (`CLINum`)
) ENGINE=InnoDB AUTO_INCREMENT=153 DEFAULT CHARSET=latin1;
/*!40101 SET character_set_client = @saved_cs_client */;

--
-- Dumping data for table `client`
--

LOCK TABLES `client` WRITE;
/*!40000 ALTER TABLE `client` DISABLE KEYS */;
INSERT INTO `client` VALUES (1,'Lovett','Fèi','2 Mayer Point','glovett0@imgur.com','8426487017'),(2,'Goulstone','Mahélie','61 Farwell Road','lgoulstone1@patch.com','1043113962'),(3,'Razoux','Noémie','0233 Jay Circle','crazoux2@illinois.edu','5206118964'),(4,'Renyard','Maëlla','53 John Wall Point','jrenyard3@gov.uk','6752470282'),(5,'Sandeland','Lén','09 Forest Dale Pass','gsandeland4@ezinearticles.com','4598488980'),(6,'Stanesby','Marie-thérèse','70049 Oxford Place','dstanesby5@acquirethisname.com','5052406691'),(8,'Brackenridge','Marie-noël','584 Morningstar Plaza','sbrackenridge7@msn.com','1617427987'),(9,'Mussalli','Björn','4 Texas Place','emussalli8@wsj.com','9017522774'),(10,'Arghent','Amélie','20 Ridgeway Point','narghent9@google.com.hk','4624226945'),(11,'Satterlee','Géraldine','04826 Merry Terrace','gsatterleea@google.it','6377913085'),(12,'Santorini','Léa','39 Golf View Terrace','msantorinib@smh.com.au','4932137781'),(13,'Simoneau','Vérane','4289 Upham Trail','hsimoneauc@goo.ne.jp','5999631620'),(14,'Chessor','Zoé','3785 Schmedeman Pass','bchessord@cocolog-nifty.com','9414344114'),(15,'Vivash','Crééz','36 Merry Lane','hvivashe@shareasale.com','5455290108'),(16,'Josilowski','Gaïa','6315 Bellgrove Circle','fjosilowskif@cargocollective.com','7009260735'),(17,'Plenty','Cunégonde','6 Troy Center','lplentyg@patch.com','8457489812'),(18,'Wheowall','Nélie','7560 Caliangt Junction','fwheowallh@java.com','7106969234'),(19,'Burbury','Angélique','08466 Scofield Place','tburburyi@admin.ch','6107876114'),(20,'Kubis','Simplifiés','7 Valley Edge Drive','nkubisj@51.la','8047230058'),(21,'Cana','Liè','9 Oriole Way','icanak@woothemes.com','8705396868'),(22,'Brunt','Gérald','4 Thompson Lane','pbruntl@dailymotion.com','7853080120'),(23,'Hansana','Laurélie','6 Vidon Place','nhansanam@ft.com','2694497133'),(24,'Androletti','Vénus','73 Portage Street','candrolettin@youtu.be','3683239116'),(25,'Rawlence','Liè','417 Del Mar Street','lrawlenceo@devhub.com','3421544660'),(26,'Honisch','Camélia','4 Sommers Street','dhonischp@51.la','6283394542'),(27,'Ubank','Marie-noël','4549 Haas Drive','cubankq@foxnews.com','2917924116'),(28,'McCarty','Intéressant','15 Buhler Place','smccartyr@miitbeian.gov.cn','5849303170'),(29,'Marritt','Pål','70 Myrtle Circle','mmarritts@google.pl','2099805967'),(30,'Ellin','Mylène','4882 Oak Circle','sellint@pagesperso-orange.fr','6005262527'),(31,'Rothchild','Ruò','296 Manufacturers Alley','arothchildu@4shared.com','2045814161'),(32,'Pughsley','Camélia','3 Elka Pass','epughsleyv@studiopress.com','1858500280'),(33,'Kirsopp','Publicité','18 Spaight Lane','bkirsoppw@phoca.cz','5908579646'),(34,'Newlyn','Eugénie','44 Eliot Hill','nnewlynx@rambler.ru','9817757269'),(35,'Ambrus','Ruì','18882 Monica Drive','pambrusy@ox.ac.uk','7198806244'),(36,'McHardy','Loïc','80565 Maple Terrace','tmchardyz@youku.com','3857154504'),(37,'Rice','Yú','66671 Meadow Valley Alley','trice10@jigsy.com','4481341182'),(38,'Du Plantier','Mén','68 Lakeland Point','gduplantier11@cisco.com','9704390923'),(39,'Wreiford','Géraldine','884 Forest Court','kwreiford12@so-net.ne.jp','8074846693'),(40,'Treacher','Kallisté','6017 Harbort Circle','rtreacher13@furl.net','1233436943'),(41,'Sibbald','Danièle','1131 Annamark Alley','csibbald14@columbia.edu','7009194881'),(42,'Tweddle','Maëline','8199 Arizona Drive','gtweddle15@symantec.com','4581308623'),(43,'Unsworth','Östen','90 Lotheville Center','lunsworth16@360.cn','4907973257'),(44,'Duiguid','Esbjörn','222 Cambridge Place','cduiguid17@japanpost.jp','8811048599'),(45,'McGrady','Irène','4883 Fallview Junction','rmcgrady18@dot.gov','7478197635'),(46,'Harbisher','Lyséa','605 Muir Place','lharbisher19@wp.com','5024080574'),(47,'Earland','Estée','4927 Manitowish Trail','eearland1a@sogou.com','8418851936'),(48,'Ditchett','Garçon','86902 Toban Plaza','rditchett1b@tmall.com','9004544969'),(49,'Corradi','Cloé','7963 Rusk Circle','bcorradi1c@friendfeed.com','7668768941'),(50,'Readwood','Irène','78 Clove Alley','sreadwood1d@thetimes.co.uk','3726226926'),(51,'Littledyke','Stéphanie','845 Bowman Trail','alittledyke1e@squarespace.com','4129185238'),(52,'Gillott','Aimée','563 Pierstorff Terrace','agillott1f@lycos.com','8456357707'),(53,'Gration','Aimée','29749 Crescent Oaks Avenue','egration1g@cbslocal.com','1738927860'),(54,'Usherwood','Mélodie','557 Grover Court','musherwood1h@independent.co.uk','6944807193'),(55,'Gantlett','Cinéma','79 4th Circle','tgantlett1i@goo.gl','3727212334'),(56,'Lewisham','Intéressant','83 Darwin Junction','mlewisham1j@wikimedia.org','8824738174'),(57,'MacPaike','Inès','8 Evergreen Alley','dmacpaike1k@tripadvisor.com','4992576776'),(58,'Hanbury-Brown','Méryl','425 Farragut Drive','dhanburybrown1l@washingtonpost.com','6242856491'),(59,'Cranmor','Séréna','4 Express Lane','lcranmor1m@businessinsider.com','9561680337'),(60,'Winson','Judicaël','98 Westerfield Pass','owinson1n@umn.edu','9435828711'),(61,'Bramsen','Marie-ève','76 Katie Avenue','rbramsen1o@netvibes.com','6613704604'),(62,'Sabater','Maëlle','91851 Nova Court','rsabater1p@clickbank.net','7864469020'),(63,'Hotson','Méryl','33 Coolidge Center','khotson1q@feedburner.com','5408345177'),(64,'Attenborrow','Lèi','4005 Larry Circle','eattenborrow1r@go.com','9935066470'),(65,'Cromleholme','Naëlle','7232 Jana Road','gcromleholme1s@goodreads.com','1805704420'),(66,'Aldous','Bécassine','17433 Moulton Court','ealdous1t@list-manage.com','6469926215'),(67,'McRinn','Marlène','5931 Chive Center','jmcrinn1u@deliciousdays.com','6123424965'),(68,'Martinovsky','Mylène','3791 Waxwing Crossing','amartinovsky1v@dyndns.org','9105100591'),(69,'Jonuzi','Estée','10 Nova Trail','kjonuzi1w@netlog.com','1765703771'),(70,'Domelaw','Béatrice','84097 Heath Hill','cdomelaw1x@google.ru','4259692577'),(71,'Bleasdale','Andréanne','31 Westport Street','gbleasdale1y@yellowbook.com','7711709119'),(72,'MacMenemy','Cloé','38 Center Circle','nmacmenemy1z@hubpages.com','1055281996'),(73,'Aizikovitch','Rachèle','770 Portage Hill','jaizikovitch20@thetimes.co.uk','6374504214'),(74,'Rispen','Bécassine','5 Summit Drive','krispen21@istockphoto.com','3038208389'),(75,'Kipling','Mélodie','0384 Springview Pass','kkipling22@studiopress.com','5392550269'),(76,'Cluff','Maëlyss','66017 Dunning Road','ccluff23@wordpress.com','4544611990'),(77,'Jenkin','Nuó','931 Talisman Park','rjenkin24@businessinsider.com','6385234332'),(78,'Vedeneev','Maëlla','56 Pepper Wood Pass','wvedeneev25@blinklist.com','2028060805'),(79,'Skingley','Méryl','7195 Garrison Center','cskingley26@creativecommons.org','2957621558'),(80,'Licciardo','Marie-thérèse','641 Thompson Junction','alicciardo27@mozilla.com','2568368009'),(81,'Stanner','Océane','73 Melody Crossing','rstanner28@de.vu','8716917536'),(82,'Conrath','Lucrèce','65 Maple Lane','bconrath29@merriam-webster.com','1564946640'),(83,'Accombe','Marie-josée','72 Brentwood Place','caccombe2a@4shared.com','8967445763'),(84,'Rarity','Léa','9247 Artisan Lane','erarity2b@boston.com','2454476850'),(85,'Theis','Léa','381 Gulseth Crossing','jtheis2c@businessweek.com','8566210615'),(86,'Palethorpe','Méthode','6666 Valley Edge Alley','tpalethorpe2d@dedecms.com','4528968447'),(87,'Nehl','Kù','04 Claremont Circle','bnehl2e@theguardian.com','4844277143'),(88,'Kanter','Publicité','2 Ohio Pass','akanter2f@ft.com','3626522744'),(89,'De\'Vere - Hunt','Maéna','3206 Pleasure Lane','tdeverehunt2g@mozilla.com','4681382819'),(90,'Glover','Bérangère','1487 Coleman Drive','fglover2h@google.nl','5418637274'),(91,'Lovelace','Clémentine','9529 Dottie Parkway','wlovelace2i@apple.com','2451416305'),(92,'Work','Gisèle','5 Moulton Road','gwork2j@xing.com','6853854786'),(93,'Olfert','Åslög','5821 Ludington Parkway','eolfert2k@tumblr.com','5007539639'),(94,'Millwater','Maëly','2 Southridge Point','wmillwater2l@istockphoto.com','5037722998'),(95,'Stollery','Estève','8 Leroy Alley','sstollery2m@feedburner.com','8599090701'),(96,'Duddell','Solène','94 Rutledge Lane','cduddell2n@independent.co.uk','3496740537'),(97,'McOwan','Cunégonde','59258 Jenna Pass','dmcowan2o@paypal.com','3827754987'),(98,'Heys','Léane','95 Kingsford Park','lheys2p@columbia.edu','2265732903'),(99,'O\'Dowgaine','Maïlis','98879 Tony Alley','modowgaine2q@va.gov','5118764241'),(100,'Piburn','Erwéi','06 Barby Way','zpiburn2r@webeden.co.uk','4366971500'),(101,'Bugden','Agnès','3618 Bartelt Drive','gbugden2s@flickr.com','8139061004'),(102,'Skunes','Mà','253 Marquette Alley','lskunes2t@ucsd.edu','5255370760'),(103,'Risby','Nuó','070 Melby Pass','nrisby2u@vinaora.com','2889342592'),(104,'Jacobsen','Aimée','060 Stuart Point','kjacobsen2v@exblog.jp','7631493766'),(105,'Ianetti','Sélène','142 Dunning Pass','kianetti2w@globo.com','1657963390'),(106,'Buncom','Styrbjörn','590 Mandrake Road','mbuncom2x@wired.com','2977868817'),(107,'Pragnell','Mélissandre','9755 Sachtjen Plaza','mpragnell2y@blogger.com','2673366475'),(108,'Jagels','Frédérique','785 Orin Drive','ljagels2z@mayoclinic.com','5293542062'),(109,'Stainer','Aimée','7883 Blue Bill Park Park','mstainer30@intel.com','6564102248'),(110,'Leeson','Marie-ève','7 Emmet Park','dleeson31@pcworld.com','4063734919'),(111,'Lambourn','Laïla','57 Oak Alley','plambourn32@livejournal.com','4282358315'),(112,'Hubbert','Laurélie','088 Paget Trail','shubbert33@tmall.com','6537539582'),(113,'Copcote','Léonie','46171 Eagan Center','ocopcote34@oakley.com','2902830959'),(114,'Asker','Méng','1 Mcbride Alley','oasker35@pen.io','7098615624'),(115,'Rampage','Pò','418 Continental Park','mrampage36@google.pl','7589255507'),(116,'De Vaar','Uò','0090 Shelley Court','rdevaar37@alibaba.com','8377883127'),(117,'Keppel','Marie-thérèse','9 Columbus Avenue','ckeppel38@bizjournals.com','2433527089'),(118,'Ehrat','Håkan','21310 Ridge Oak Circle','gehrat39@admin.ch','8214845026'),(119,'Rumble','Maëlla','0856 Kedzie Lane','arumble3a@dell.com','7874285366'),(120,'Martinets','Inès','7 Schmedeman Circle','rmartinets3b@nasa.gov','3564718072'),(121,'Axell','Andréanne','85336 Beilfuss Center','eaxell3c@telegraph.co.uk','5762335635'),(122,'Dormer','Sélène','543 Sherman Point','fdormer3d@webnode.com','6959217192'),(123,'Andrey','Miléna','70 Harbort Pass','sandrey3e@tmall.com','4128116915'),(124,'Bernath','Félicie','304 Jana Center','pbernath3f@w3.org','2945686484'),(125,'Penylton','Géraldine','2940 Crownhardt Trail','spenylton3g@mozilla.org','7568897880'),(126,'Passmore','Fèi','351 Holmberg Way','epassmore3h@sina.com.cn','1251613579'),(127,'Abrahamovitz','Geneviève','96 Jenna Hill','sabrahamovitz3i@csmonitor.com','8817510884'),(128,'Darton','Méthode','20 Lakewood Gardens Court','ndarton3j@auda.org.au','6285937770'),(129,'Breckin','Maëlyss','2546 Hintze Plaza','cbreckin3k@icio.us','9056517522'),(130,'Jest','Valérie','37 Springview Place','cjest3l@ucsd.edu','1641969628'),(131,'Wem','Andrée','96 5th Road','awem3m@accuweather.com','5817909184'),(132,'Spaven','Andrée','7050 Almo Hill','bspaven3n@google.fr','9052130786'),(133,'MacFadyen','Océane','516 Ridge Oak Junction','lmacfadyen3o@admin.ch','4643787815'),(134,'Sustin','Nadège','50237 Lawn Crossing','csustin3p@t.co','3833959906'),(135,'Woolard','Nadège','3432 Sutherland Court','lwoolard3q@cargocollective.com','2188210093'),(136,'Sapwell','Fèi','036 Donald Trail','gsapwell3r@boston.com','1278175232'),(137,'Amiable','Joséphine','37 Hudson Junction','mamiable3s@admin.ch','9987535610'),(138,'Dormand','Cinéma','1522 Elmside Road','fdormand3t@craigslist.org','7591841846'),(139,'Banke','Cunégonde','60 Cordelia Parkway','lbanke3u@huffingtonpost.com','7205899304'),(140,'McLaverty','Céline','483 Portage Avenue','tmclaverty3v@dell.com','5554835329'),(141,'Morit','Océanne','95 Doe Crossing Road','jmorit3w@infoseek.co.jp','2992068110'),(142,'Chantree','Yóu','735 Northfield Alley','bchantree3x@webmd.com','7912372109'),(143,'Stannus','Lài','38626 Coleman Plaza','lstannus3y@accuweather.com','5981343570'),(144,'Brasse','Stéphanie','46771 Esker Pass','mbrasse3z@home.pl','4864885141'),(145,'Pedican','Intéressant','7849 Maryland Drive','cpedican40@drupal.org','6591846882'),(146,'Mateja','Jú','7 Park Meadow Place','nmateja41@miitbeian.gov.cn','2425360833'),(147,'Bartelot','Gisèle','69517 Bonner Road','kbartelot42@shop-pro.jp','3354907885'),(148,'Hollingby','Clémentine','373 Village Green Court','jhollingby43@is.gd','3174209835'),(149,'Pantridge','Méline','337 Florence Terrace','bpantridge44@indiatimes.com','9639717657'),(150,'Gatland','Maïlis','6 Manley Junction','lgatland45@live.com','4523155479'),(152,'Dubois','Michel','58 rue du four','michel.dubois@gmail.com','0478923365');
/*!40000 ALTER TABLE `client` ENABLE KEYS */;
UNLOCK TABLES;

--
-- Table structure for table `commandes`
--

DROP TABLE IF EXISTS `commandes`;
/*!40101 SET @saved_cs_client     = @@character_set_client */;
/*!40101 SET character_set_client = utf8 */;
CREATE TABLE `commandes` (
  `CDENum` int(11) NOT NULL AUTO_INCREMENT,
  `CLINum` int(11) NOT NULL,
  `MEDICNum` int(11) NOT NULL,
  `DateCde` varchar(15) NOT NULL,
  `Qte` int(11) DEFAULT NULL,
  PRIMARY KEY (`CDENum`,`CLINum`,`MEDICNum`,`DateCde`),
  KEY `commandes_medicaments_MEDICCode_fk` (`MEDICNum`),
  KEY `CLINum` (`CLINum`),
  CONSTRAINT `commandes_ibfk_1` FOREIGN KEY (`CLINum`) REFERENCES `client` (`CLINum`),
  CONSTRAINT `commandes_medicaments_MEDICCode_fk` FOREIGN KEY (`MEDICNum`) REFERENCES `medicaments` (`MEDICNum`)
) ENGINE=InnoDB AUTO_INCREMENT=251 DEFAULT CHARSET=latin1;
/*!40101 SET character_set_client = @saved_cs_client */;

--
-- Dumping data for table `commandes`
--

LOCK TABLES `commandes` WRITE;
/*!40000 ALTER TABLE `commandes` DISABLE KEYS */;
INSERT INTO `commandes` VALUES (1,139,1,'12/11/2021',48),(2,61,2,'05/29/2022',34),(3,130,3,'01/26/2022',16),(4,113,4,'06/11/2021',30),(5,122,5,'05/10/2022',35),(6,17,6,'08/14/2020',33),(7,32,7,'03/30/2021',48),(8,39,8,'02/06/2021',17),(9,69,9,'09/20/2021',31),(10,95,10,'02/17/2022',29),(11,63,11,'03/08/2021',40),(12,103,12,'09/16/2021',37),(13,2,13,'06/12/2020',27),(14,91,14,'10/23/2020',41),(15,62,15,'12/30/2021',46),(16,79,16,'01/08/2022',22),(17,21,17,'11/13/2020',27),(18,8,18,'10/17/2020',29),(19,106,19,'11/23/2020',40),(20,113,20,'03/30/2022',21),(21,63,21,'11/23/2020',29),(22,25,22,'03/16/2022',35),(23,25,23,'04/19/2022',36),(24,33,24,'01/16/2022',49),(25,35,25,'10/10/2021',48),(26,118,26,'07/11/2021',26),(27,12,27,'05/30/2021',29),(28,109,28,'10/31/2021',39),(29,128,29,'12/29/2020',23),(30,76,30,'03/07/2022',45),(31,113,31,'05/26/2021',20),(32,100,32,'05/02/2021',43),(33,14,33,'10/19/2021',46),(34,125,34,'10/23/2021',49),(35,105,35,'04/01/2021',36),(36,61,36,'12/18/2020',49),(37,49,37,'12/22/2020',46),(38,133,38,'11/25/2020',48),(39,137,39,'03/26/2022',39),(40,3,40,'11/05/2020',18),(41,134,41,'02/16/2022',43),(42,86,42,'05/01/2021',35),(43,100,43,'03/29/2021',37),(44,21,44,'10/28/2021',46),(45,25,45,'10/16/2021',31),(46,88,46,'06/15/2020',37),(47,111,47,'11/01/2021',34),(48,80,48,'09/22/2021',18),(49,58,49,'05/17/2022',32),(50,85,50,'08/01/2020',47),(51,9,1,'05/02/2022',46),(52,22,2,'03/13/2022',28),(53,86,3,'11/16/2021',20),(54,140,4,'02/08/2022',32),(55,147,5,'01/05/2022',19),(56,135,6,'12/15/2020',24),(57,104,7,'12/17/2021',16),(58,66,8,'06/17/2020',49),(59,52,9,'09/03/2020',29),(60,64,10,'06/06/2020',31),(61,30,11,'01/23/2022',27),(62,49,12,'11/22/2020',22),(63,72,13,'06/05/2020',29),(64,1,14,'08/10/2021',41),(65,65,15,'03/12/2021',19),(66,117,16,'04/03/2021',44),(67,65,17,'10/10/2021',29),(68,62,18,'07/09/2021',47),(69,23,19,'01/23/2022',40),(70,55,20,'11/29/2021',40),(71,139,21,'05/21/2021',17),(72,25,22,'03/27/2022',39),(73,115,23,'12/21/2021',46),(74,120,24,'09/22/2021',19),(75,26,25,'03/27/2021',41),(76,48,26,'06/02/2020',21),(77,125,27,'12/13/2021',25),(78,22,28,'09/20/2021',31),(79,134,29,'11/14/2020',31),(80,130,30,'02/23/2022',46),(81,130,31,'04/13/2022',33),(82,50,32,'10/15/2020',23),(83,107,33,'03/27/2021',46),(84,28,34,'12/22/2021',24),(85,117,35,'06/09/2020',50),(86,68,36,'08/25/2020',15),(87,31,37,'02/17/2022',32),(88,130,38,'12/23/2020',30),(89,86,39,'01/16/2021',50),(90,114,40,'09/30/2021',38),(91,5,41,'02/15/2022',46),(92,88,42,'06/24/2020',37),(93,89,43,'04/14/2022',45),(94,135,44,'04/07/2022',41),(95,84,45,'05/23/2022',26),(96,142,46,'01/23/2021',27),(97,150,47,'03/31/2021',20),(98,92,48,'08/07/2021',27),(99,85,49,'07/12/2021',38),(100,71,50,'05/19/2022',45),(101,90,1,'04/22/2021',32),(102,82,2,'04/15/2021',17),(103,57,3,'09/29/2020',28),(104,82,4,'02/24/2021',38),(105,26,5,'09/27/2021',49),(106,86,6,'04/19/2022',28),(107,59,7,'05/20/2021',43),(108,18,8,'02/24/2021',40),(109,103,9,'10/31/2021',31),(110,61,10,'02/04/2021',25),(111,72,11,'12/31/2021',35),(112,28,12,'11/11/2021',39),(113,94,13,'11/24/2021',29),(114,62,14,'09/20/2021',22),(115,133,15,'02/05/2022',44),(116,22,16,'10/10/2021',30),(117,9,17,'01/27/2021',28),(118,150,18,'05/26/2022',33),(119,150,19,'07/22/2020',42),(120,142,20,'10/29/2021',23),(121,92,21,'08/21/2021',50),(122,67,22,'09/23/2021',19),(123,128,23,'03/13/2021',44),(124,118,24,'02/21/2022',42),(125,83,25,'11/15/2020',35),(126,69,26,'07/12/2021',44),(127,149,27,'08/03/2020',49),(128,78,28,'10/04/2020',15),(129,75,29,'07/31/2021',47),(130,15,30,'09/20/2021',21),(131,39,21,'03/07/2022',34),(132,52,32,'12/07/2021',32),(133,42,33,'01/28/2022',19),(134,19,34,'01/29/2022',16),(135,26,35,'03/14/2021',24),(136,132,36,'02/02/2021',22),(137,113,37,'05/11/2022',25),(138,146,38,'06/11/2021',17),(139,94,39,'05/26/2022',19),(140,98,40,'10/28/2021',37),(141,86,41,'03/02/2022',27),(142,29,42,'03/21/2022',29),(143,30,43,'08/04/2020',18),(144,108,44,'04/11/2022',47),(145,75,45,'08/15/2021',44),(146,102,46,'02/03/2021',23),(147,119,47,'02/09/2022',16),(148,53,48,'02/02/2022',17),(149,59,49,'02/09/2021',21),(150,62,50,'10/22/2020',17),(151,120,1,'07/11/2020',29),(152,13,2,'12/18/2020',41),(153,113,3,'05/19/2021',37),(154,52,4,'04/06/2021',15),(155,26,5,'01/01/2021',38),(156,79,6,'12/29/2021',40),(157,11,7,'04/27/2021',21),(158,14,8,'10/04/2021',39),(159,10,9,'02/25/2022',15),(160,108,10,'12/17/2020',19),(161,72,11,'05/22/2021',17),(162,72,12,'06/18/2020',20),(163,114,13,'11/06/2021',29),(164,4,14,'06/20/2020',50),(165,16,15,'06/22/2021',30),(166,2,16,'04/20/2022',17),(167,92,17,'08/02/2021',49),(168,109,18,'07/15/2020',15),(169,86,19,'06/22/2020',50),(170,52,20,'04/09/2021',31),(171,104,21,'02/23/2021',20),(172,128,22,'09/15/2020',16),(173,123,23,'06/16/2021',48),(174,29,24,'10/13/2021',49),(175,131,25,'06/13/2020',46),(176,34,26,'12/04/2021',45),(177,104,27,'08/31/2021',47),(178,112,28,'11/17/2020',40),(179,21,29,'07/03/2020',21),(180,25,30,'08/20/2020',30),(181,29,31,'10/22/2021',29),(182,8,32,'12/22/2021',39),(183,25,33,'03/14/2022',34),(184,3,34,'06/29/2020',43),(185,11,35,'01/15/2021',49),(186,1,36,'05/02/2021',17),(187,144,37,'02/11/2021',45),(188,87,38,'06/13/2020',28),(189,65,39,'09/25/2021',30),(190,99,40,'01/15/2021',21),(191,85,41,'09/01/2020',25),(192,28,42,'12/01/2020',43),(193,82,43,'04/03/2021',18),(194,34,44,'03/01/2022',49),(195,53,45,'07/17/2021',43),(196,96,46,'05/20/2021',22),(197,4,47,'08/26/2020',47),(198,128,48,'04/05/2021',44),(199,113,49,'04/16/2021',24),(200,36,50,'05/12/2021',30),(201,150,1,'06/02/2020',17),(202,117,2,'11/23/2020',16),(203,30,3,'09/15/2021',33),(204,17,4,'01/30/2021',37),(205,13,5,'12/07/2021',41),(206,51,6,'04/02/2022',42),(207,56,7,'01/20/2021',41),(208,106,8,'07/28/2021',28),(209,37,9,'03/23/2022',24),(210,22,10,'06/04/2020',25),(211,65,11,'02/10/2021',25),(212,86,12,'06/03/2020',41),(213,62,13,'08/04/2021',32),(214,124,14,'07/21/2021',29),(215,45,15,'04/10/2022',40),(216,55,16,'03/02/2022',29),(217,75,17,'07/16/2020',22),(218,13,18,'08/14/2021',22),(219,100,19,'04/08/2021',41),(220,21,20,'01/24/2022',27),(221,4,21,'10/05/2021',30),(222,147,22,'01/04/2021',48),(223,35,23,'12/31/2021',39),(224,12,24,'12/11/2020',49),(225,4,25,'02/16/2021',30),(226,23,26,'01/13/2022',34),(227,5,27,'05/21/2021',18),(228,62,28,'10/04/2021',37),(229,136,29,'11/12/2021',50),(230,96,30,'09/07/2020',48),(231,61,31,'04/06/2022',48),(232,66,32,'04/02/2021',25),(233,89,33,'03/29/2022',19),(234,79,34,'04/11/2021',45),(235,21,35,'10/26/2020',43),(236,130,36,'04/05/2022',20),(237,78,37,'09/12/2021',46),(238,105,38,'10/28/2020',45),(239,122,39,'11/01/2021',22),(240,80,40,'01/26/2022',23),(241,13,41,'10/14/2020',36),(242,83,42,'08/15/2020',30),(243,59,43,'07/09/2021',45),(244,9,44,'09/06/2021',47),(245,100,45,'01/16/2022',20),(246,139,46,'02/09/2021',21),(247,32,47,'09/10/2021',15),(248,60,48,'04/25/2021',47),(249,50,49,'10/17/2020',32),(250,77,50,'08/06/2020',16);
/*!40000 ALTER TABLE `commandes` ENABLE KEYS */;
UNLOCK TABLES;

--
-- Table structure for table `medecins`
--

DROP TABLE IF EXISTS `medecins`;
/*!40101 SET @saved_cs_client     = @@character_set_client */;
/*!40101 SET character_set_client = utf8 */;
CREATE TABLE `medecins` (
  `MEDNum` int(11) NOT NULL AUTO_INCREMENT,
  `Nom` varchar(255) DEFAULT NULL,
  `Prenom` varchar(255) DEFAULT NULL,
  `Adresse` varchar(255) DEFAULT NULL,
  `Email` varchar(255) DEFAULT NULL,
  `Telephone` varchar(10) DEFAULT NULL,
  `CABNum` int(11) DEFAULT NULL,
  PRIMARY KEY (`MEDNum`),
  KEY `CABNum` (`CABNum`),
  CONSTRAINT `medecins_ibfk_1` FOREIGN KEY (`CABNum`) REFERENCES `cabinet_medical` (`CABNum`)
) ENGINE=InnoDB AUTO_INCREMENT=127 DEFAULT CHARSET=latin1;
/*!40101 SET character_set_client = @saved_cs_client */;

--
-- Dumping data for table `medecins`
--

LOCK TABLES `medecins` WRITE;
/*!40000 ALTER TABLE `medecins` DISABLE KEYS */;
INSERT INTO `medecins` VALUES (1,'POLAK','Sylvie','69 Cours Vitton','sylvie.polak@gmail.com','0455667788',1),(2,'PARMENTIER','Stéphane','17 Rue des Emeraudes','stephane.parmentier@gmail.com','0677889900',1),(3,'Martill','Maëlle','37977 Ramsey Road','nmartill2@sohu.com','1593705341',39),(4,'Archbald','Pélagie','5 Prairie Rose Terrace','sarchbald3@acquirethisname.com','1069667675',29),(5,'Ungerechts','Océanne','48356 Mosinee Pass','rungerechts4@weebly.com','6412520733',48),(6,'Ganter','Maëlle','02 Esch Way','jganter5@imgur.com','2614933306',37),(7,'Bader','Océanne','731 Mosinee Junction','hbader6@taobao.com','9283311096',26),(8,'Shuter','Maëlys','963 Hoffman Center','ashuter7@gizmodo.com','9222393310',17),(9,'Ravens','Pénélope','1029 Trailsway Place','dravens8@elegantthemes.com','5644865832',29),(10,'Tommei','Almérinda','58 Mayer Drive','mtommei9@dailymail.co.uk','5973107178',7),(11,'Notman','Réjane','56 Del Mar Pass','knotmana@thetimes.co.uk','4291189851',35),(12,'McAdam','Médiamass','46767 Sachtjen Street','lmcadamb@reverbnation.com','8622930375',23),(13,'Cridlon','Andréa','6 Little Fleur Alley','mcridlonc@ucsd.edu','7702049170',18),(14,'Southard','Maéna','5 Corry Street','hsouthardd@apache.org','6008366381',32),(15,'Trasler','Salomé','461 Dunning Way','ctraslere@gnu.org','3677350979',29),(16,'Fayerbrother','Méghane','2 Center Pass','gfayerbrotherf@illinois.edu','6405157295',25),(17,'Tewkesberrie','Bérénice','79 Morning Park','ntewkesberrieg@bravesites.com','2104094084',47),(18,'Phizackarley','Anaël','130 Monument Trail','tphizackarleyh@state.gov','8973168556',22),(19,'Frugier','Léane','832 Homewood Center','hfrugieri@de.vu','8805673666',40),(20,'Mirams','Gérald','397 Hallows Trail','amiramsj@youtube.com','4065613681',46),(21,'Haydn','Dorothée','29388 Merrick Parkway','rhaydnk@msu.edu','9071772108',49),(22,'Hamby','Gisèle','83127 Melody Pass','chambyl@csmonitor.com','1486937257',17),(23,'Emblen','Méghane','743 Mallard Center','aemblenm@harvard.edu','9638267189',13),(24,'Pawlowicz','Naëlle','9 Norway Maple Drive','lpawlowiczn@blogtalkradio.com','1976635911',32),(25,'Wyett','Ráo','853 Warbler Circle','dwyetto@over-blog.com','8289803263',22),(26,'Chater','Kù','386 Bashford Drive','ochaterp@umich.edu','6658585989',26),(27,'Willoughby','Andréa','111 Forster Park','kwilloughbyq@angelfire.com','7912486551',14),(28,'Lavin','Annotés','125 Upham Parkway','mlavinr@google.fr','4787700726',21),(29,'Stook','Gisèle','32070 Grayhawk Lane','estooks@aboutads.info','3258514142',34),(30,'Goble','Maïly','435 Ruskin Pass','ggoblet@hp.com','2872542928',15),(31,'Zanardii','Maïlis','81694 Declaration Junction','nzanardiiu@tumblr.com','9572033193',14),(32,'Banks','Danièle','524 Scoville Hill','rbanksv@mozilla.org','3793297165',11),(33,'Jaqueme','Bénédicte','35427 Pleasure Drive','jjaquemew@tripadvisor.com','1682802623',40),(34,'Zuppa','Mélia','66407 Glacier Hill Junction','azuppax@wikispaces.com','2641163379',37),(35,'Duchesne','Mélys','5 Mandrake Drive','bduchesney@kickstarter.com','3738993077',3),(36,'Okker','Tú','91840 6th Court','aokkerz@microsoft.com','5005430559',24),(37,'MacMichael','Noémie','9 Hanover Junction','hmacmichael10@java.com','1301071871',1),(38,'McCarrison','Joséphine','12834 Eggendart Way','nmccarrison11@unicef.org','1298977455',16),(39,'Waugh','Célestine','3657 Washington Court','jwaugh12@wikia.com','2985059705',15),(40,'Benedettini','Magdalène','8375 Del Sol Alley','obenedettini13@mit.edu','3415200607',2),(41,'Tomaszczyk','Miléna','56 Amoth Drive','mtomaszczyk14@bigcartel.com','1084843989',28),(42,'Omrod','Andréanne','0864 Columbus Circle','bomrod15@myspace.com','9314000687',34),(43,'Pennone','Séréna','8 Manufacturers Place','spennone16@tinypic.com','8895041689',17),(44,'Gillian','Maëlys','33 Doe Crossing Park','mgillian17@clickbank.net','9204590688',41),(45,'Fear','Yóu','9579 Hudson Road','cfear18@reverbnation.com','8134507665',13),(46,'Birdall','Méryl','9 Reindahl Center','kbirdall19@yellowpages.com','6993187175',49),(47,'Mertin','Angélique','4 Arkansas Circle','cmertin1a@soundcloud.com','2885342883',25),(48,'Hellwich','Danièle','43938 Lakewood Pass','hhellwich1b@samsung.com','1928104685',1),(49,'Baumford','Maëlyss','17 Ruskin Avenue','kbaumford1c@privacy.gov.au','8126516107',41),(50,'Wilshire','Sélène','78 Lien Park','gwilshire1d@gnu.org','6332461684',9),(51,'Ellingham','Léone','0240 Everett Drive','vellingham1e@elegantthemes.com','1586369308',48),(52,'Kemball','Lucrèce','3 Vahlen Parkway','hkemball1f@altervista.org','8531040627',47),(53,'Lambdin','Aurélie','0247 Declaration Circle','slambdin1g@meetup.com','9935826275',36),(54,'Skpsey','Uò','87 Oneill Crossing','xskpsey1h@parallels.com','9182294323',38),(55,'Hadny','Kù','7495 Pleasure Trail','khadny1i@ovh.net','4145632713',36),(56,'Baly','Yénora','226 Sauthoff Pass','sbaly1j@mysql.com','7457546514',13),(57,'Castelyn','Léonie','787 Charing Cross Lane','acastelyn1k@berkeley.edu','8348115705',13),(58,'Linch','Stéphanie','9 Grayhawk Lane','elinch1l@dion.ne.jp','9432436717',44),(59,'McClounan','Irène','98 Roxbury Court','jmcclounan1m@foxnews.com','6841106650',40),(60,'Applin','Loïs','312 Vidon Lane','lapplin1n@nsw.gov.au','1325672753',26),(61,'Coyish','Yénora','22 Huxley Road','jcoyish1o@house.gov','6837583621',30),(62,'Girling','Liè','57 Spaight Center','lgirling1p@instagram.com','2024638275',15),(63,'Deverille','Marie-françoise','267 Melrose Avenue','adeverille1q@amazon.com','4116502650',33),(64,'Wathen','Cloé','620 Rowland Place','mwathen1r@state.gov','8079183211',38),(65,'Malloy','Östen','4 Weeping Birch Drive','mmalloy1s@ustream.tv','8557643768',36),(66,'Clubley','Mélinda','7 Sutherland Road','cclubley1t@dagondesign.com','3685206265',28),(67,'Ianilli','Anaël','478 International Way','tianilli1u@smugmug.com','3966165885',42),(68,'Boyat','Personnalisée','82843 Vera Lane','mboyat1v@weather.com','5263902779',28),(69,'Dulen','Maëlann','9 Alpine Lane','fdulen1w@infoseek.co.jp','8436797920',2),(70,'Vinten','Gérald','9139 Wayridge Drive','wvinten1x@phpbb.com','8913005253',43),(71,'Lembcke','Gérald','8 Northview Circle','blembcke1y@amazon.de','8436912825',36),(72,'Dunster','Nadège','25 Lakewood Street','ndunster1z@bigcartel.com','4877082213',41),(73,'Rickets','Dù','8 Tomscot Junction','trickets20@dion.ne.jp','1516254304',21),(74,'Messager','Fèi','499 Florence Court','smessager21@vkontakte.ru','5038833868',44),(75,'Dood','Marie-hélène','6309 Lunder Hill','adood22@cornell.edu','4113328559',12),(76,'Callister','Andréanne','702 Carey Park','jcallister23@state.tx.us','2543211447',26),(77,'Dunaway','Eugénie','70015 Delladonna Terrace','mdunaway24@jugem.jp','3576199541',3),(78,'Ruprich','Táng','98015 Heath Place','kruprich25@wikimedia.org','1974309994',5),(79,'Wylie','Marie-ève','142 Kingsford Crossing','ywylie26@blogs.com','5989425762',38),(80,'MacKowle','Françoise','33 Pankratz Road','kmackowle27@istockphoto.com','3847074899',14),(81,'Bwye','Gaëlle','9444 Lien Terrace','abwye28@ameblo.jp','8218995830',15),(82,'Lohmeyer','Styrbjörn','78 Westridge Plaza','hlohmeyer29@prweb.com','2728804623',33),(83,'Gillet','Illustrée','29 Pine View Parkway','vgillet2a@umn.edu','2628044152',15),(84,'Craighill','Gösta','72 Glendale Parkway','scraighill2b@intel.com','4939305402',44),(85,'Peoples','Ráo','0473 Homewood Point','opeoples2c@reference.com','5994323040',3),(86,'Probert','Marie-hélène','1 Summerview Avenue','kprobert2d@uiuc.edu','6884043950',20),(87,'McKendry','Rébecca','09 Eastlawn Street','amckendry2e@uiuc.edu','5678100902',20),(88,'Birkenshaw','Salomé','95 Corry Avenue','nbirkenshaw2f@reference.com','7214903873',49),(89,'Fullicks','Pénélope','71394 Jackson Point','tfullicks2g@dedecms.com','3201419812',26),(90,'Stoffer','Loïs','2 Sloan Circle','tstoffer2h@huffingtonpost.com','7431472354',3),(91,'Ruse','Anaé','56512 Canary Plaza','aruse2i@devhub.com','7934916109',1),(92,'Canner','Maïly','9160 Continental Drive','scanner2j@amazon.co.jp','6913083123',27),(93,'Hymas','Adélaïde','48 Fulton Trail','nhymas2k@mapquest.com','7793501790',20),(94,'Ewen','Cinéma','3809 Alpine Road','aewen2l@qq.com','1946578715',14),(95,'Meys','Kù','7 Truax Avenue','hmeys2m@naver.com','4017222347',35),(96,'Aslin','Solène','1171 Cottonwood Parkway','maslin2n@prweb.com','9359881812',19),(97,'Knappett','Adélaïde','719 Banding Place','rknappett2o@wix.com','4517085409',46),(98,'Frosch','Stévina','90 Park Meadow Junction','mfrosch2p@opensource.org','1571475175',50),(99,'Bubbear','Kuí','5 Forest Dale Place','tbubbear2q@sitemeter.com','1898524459',37),(100,'Kindleysides','Angèle','4 Michigan Circle','bkindleysides2r@deviantart.com','1964503739',13),(101,'Meredith','Lyséa','27 Tony Place','gmeredith2s@indiatimes.com','3075072007',11),(102,'Feeney','Cécilia','3 Drewry Crossing','mfeeney2t@redcross.org','7182317202',3),(103,'Missen','Lèi','89 La Follette Lane','kmissen2u@phoca.cz','9951476313',7),(104,'Silversmidt','Anaëlle','1 Vahlen Plaza','ssilversmidt2v@elpais.com','2753111027',12),(105,'Brooksbie','Maëlla','56975 Dovetail Way','wbrooksbie2w@ft.com','7789594000',48),(106,'Widdowfield','Gaïa','1 Maple Road','dwiddowfield2x@slashdot.org','4544457163',1),(107,'Verrechia','Gaïa','7410 Portage Trail','wverrechia2y@qq.com','1825526871',44),(108,'Tootal','Yénora','59 Mcbride Place','stootal2z@smh.com.au','5771762635',6),(109,'Vise','Dù','99 Browning Crossing','jvise30@mac.com','6773921387',25),(110,'Robinet','Maëlann','74475 Hazelcrest Drive','mrobinet31@cocolog-nifty.com','2252235846',5),(111,'Abercrombie','Naëlle','2 Raven Street','gabercrombie32@t.co','7524040384',7),(112,'Calcutt','Crééz','0718 Fairfield Avenue','ccalcutt33@wix.com','6184530632',19),(113,'Noble','Dù','22987 Memorial Crossing','anoble34@weather.com','2158333289',31),(114,'Jeske','Audréanne','294 Acker Avenue','ijeske35@google.de','6506096476',30),(115,'Janodet','Annotés','8 Erie Plaza','djanodet36@hp.com','7198492805',15),(116,'Stiebler','Gisèle','54033 Hauk Circle','rstiebler37@mediafire.com','7855140176',50),(117,'Ungerer','Ruò','483 Pine View Way','eungerer38@t-online.de','6768237748',39),(118,'Jukubczak','Táng','9928 Roxbury Hill','ijukubczak39@pagesperso-orange.fr','3996659126',25),(119,'Warrick','Clémence','56 Lakeland Lane','mwarrick3a@princeton.edu','5099093402',11),(120,'Nevitt','Håkan','967 Meadow Vale Plaza','jnevitt3b@shutterfly.com','7535375283',30),(121,'Yallowley','Mén','0 Melody Point','gyallowley3c@wufoo.com','4439642492',19),(122,'Hubball','Thérèsa','5721 Swallow Lane','shubball3d@biglobe.ne.jp','3595247876',31),(123,'Bellas','Anaëlle','8770 Welch Terrace','abellas3e@intel.com','4738392532',2),(124,'MacRury','Maïlys','90 Messerschmidt Way','smacrury3f@spiegel.de','3314680764',2),(125,'Swinfon','Françoise','06490 Portage Center','bswinfon3g@howstuffworks.com','7506694131',9),(126,'Poyeton','Thomas','La boisse','t.poyeton@gmail.com',NULL,2);
/*!40000 ALTER TABLE `medecins` ENABLE KEYS */;
UNLOCK TABLES;

--
-- Table structure for table `medicaments`
--

DROP TABLE IF EXISTS `medicaments`;
/*!40101 SET @saved_cs_client     = @@character_set_client */;
/*!40101 SET character_set_client = utf8 */;
CREATE TABLE `medicaments` (
  `MEDICNum` int(11) NOT NULL AUTO_INCREMENT,
  `Nom` varchar(255) DEFAULT NULL,
  `Restrictions` varchar(255) DEFAULT NULL,
  `DelaiProduction` int(11) DEFAULT NULL,
  PRIMARY KEY (`MEDICNum`)
) ENGINE=InnoDB AUTO_INCREMENT=51 DEFAULT CHARSET=latin1;
/*!40101 SET character_set_client = @saved_cs_client */;

--
-- Dumping data for table `medicaments`
--

LOCK TABLES `medicaments` WRITE;
/*!40000 ALTER TABLE `medicaments` DISABLE KEYS */;
INSERT INTO `medicaments` VALUES (1,'TRICLOSAN',NULL,12),(2,'Desmopressin Acetate',NULL,18),(3,'Hydrochlorothiazide',NULL,26),(4,'Boric Acid, Lactobacillus Acidophilus, Vitamin C',NULL,14),(5,'DEXTROMETHORPHAN HYDROBROMIDE, GUAIFENESIN',NULL,27),(6,'Silver Maple',NULL,19),(7,'Nystatin and Triamcinolone Acetonide',NULL,13),(8,'Acetaminophen',NULL,10),(9,'PENTOXIFYLLINE',NULL,22),(10,'Propranolol Hydrochloride',NULL,15),(11,'Alprazolam',NULL,17),(12,'trout',NULL,5),(13,'Norethindrone Acetate and Ethinyl Estradiol and Ferrous Fumarate',NULL,26),(14,'Lithium Carbonate',NULL,8),(15,'ALCOHOL',NULL,14),(16,'valacyclovir hydrochloride',NULL,14),(17,'Divalproex Sodium',NULL,13),(18,'CALCAREA SULPHURICA',NULL,7),(19,'acetaminophen, aspirin, caffeine',NULL,10),(20,'zinc oxide, menthol',NULL,11),(21,'Ifosfamide and Mesna',NULL,22),(22,'balanced salt solution',NULL,14),(23,'Cefadroxil',NULL,18),(24,'Sodium monofluorophosphate',NULL,14),(25,'Stavudine',NULL,15),(26,'Sertraline Hydrochloride',NULL,11),(27,'ASPERGILLUS FUMIGATUS',NULL,12),(28,'Morphine Sulfate',NULL,19),(29,'Benazepril Hydrochloride',NULL,14),(30,'AVOBENZONE, OCTINOXATE, and OCTISALATE',NULL,6),(31,'Ensulizole',NULL,27),(32,'Ketotifen',NULL,18),(33,'desipramine hydrochloride',NULL,20),(34,'BENZONATATE',NULL,24),(35,'ibritumomab tiuxetan',NULL,23),(36,'Hydrocortisone',NULL,21),(37,'Lorazepam',NULL,24),(38,'dimethicone',NULL,18),(39,'MORPHINE SULFATE',NULL,21),(40,'Cyclobenzaprine Hydrochloride',NULL,28),(41,'Benzalkonium Chloride',NULL,12),(42,'Phentermine Hydrochloride',NULL,27),(43,'Influenza A Virus, Influenza B Virus',NULL,14),(44,'Acetaminophen, Aspirin and caffeine',NULL,17),(45,'Acyclovir',NULL,26),(46,'Enalapril Maleate',NULL,7),(47,'Hydrocodone Bitartrate and Acetaminophen',NULL,20),(48,'SODIUM FLUORIDE',NULL,17),(49,'Risperidone',NULL,24),(50,'Minoxidil',NULL,27);
/*!40000 ALTER TABLE `medicaments` ENABLE KEYS */;
UNLOCK TABLES;

--
-- Table structure for table `pharmacie`
--

DROP TABLE IF EXISTS `pharmacie`;
/*!40101 SET @saved_cs_client     = @@character_set_client */;
/*!40101 SET character_set_client = utf8 */;
CREATE TABLE `pharmacie` (
  `PHARNum` int(11) NOT NULL AUTO_INCREMENT,
  `Nom` varchar(255) DEFAULT NULL,
  `Ville` varchar(255) DEFAULT NULL,
  `CodePostal` varchar(8) DEFAULT NULL,
  `Adresse` varchar(255) DEFAULT NULL,
  `Effectif` int(11) DEFAULT NULL,
  PRIMARY KEY (`PHARNum`)
) ENGINE=InnoDB AUTO_INCREMENT=101 DEFAULT CHARSET=latin1;
/*!40101 SET character_set_client = @saved_cs_client */;

--
-- Dumping data for table `pharmacie`
--

LOCK TABLES `pharmacie` WRITE;
/*!40000 ALTER TABLE `pharmacie` DISABLE KEYS */;
INSERT INTO `pharmacie` VALUES (1,'Bashirian, Goodwin and Blick','Nanga Eboko',NULL,'140',3),(2,'Erdman Inc','Ribeirão','4760-411','67448',3),(3,'Satterfield Group','Jidong',NULL,'6',3),(4,'Morissette Inc','Kitakyushu','822-0003','3234',7),(5,'Ritchie-Kutch','Phoenix','85067','560',7),(6,'Grimes, McClure and Purdy','Castelo de Vide','7320-105','607',4),(7,'Cassin, Bauch and Hermiston','Koton Karifi',NULL,'6531',8),(8,'Reinger, Bartell and Daniel','Tubuhue',NULL,'0264',5),(9,'Beer, Schroeder and Kuhic','Conner','3807','28661',3),(10,'Hyatt, O\'Hara and Rosenbaum','Kangxung',NULL,'7047',8),(11,'O\'Connell, Reilly and Schneider','Skänninge','596 92','68489',5),(12,'Kshlerin, Dare and Murray','Lagayan','2824','48',7),(13,'Lakin Group','Beigou',NULL,'393',5),(14,'Littel-Gorczany','Yuannan',NULL,'764',3),(15,'Braun, Monahan and Kuphal','Derhachi',NULL,'68',3),(16,'Streich-Romaguera','Medenychi',NULL,'88',6),(17,'Baumbach LLC','Pingyang',NULL,'4',4),(18,'Toy, Schowalter and Ruecker','Sukosari',NULL,'7',8),(19,'Hoppe, Abshire and Ruecker','Zaragoza','3110','36',3),(20,'Pfeffer, Aufderhar and Gusikowski','Boli',NULL,'8577',7),(21,'Schroeder, Bergstrom and Hoppe','Magoúla',NULL,'0578',6),(23,'Mayer LLC','Permas',NULL,'019',6),(24,'Dicki-Kihn','Sibulan','6201','38',5),(25,'Oberhof','Oberhof','123456','1237897456',8),(26,'Pfannerstill, Grady and Abshire','Boucinhas','4650-805','2287',4),(27,'Raynor-Kris','Kryvichy',NULL,'85',4),(28,'Oberbrunner-Bednar','Sacsamarca',NULL,'44',3),(29,'Hauck-Pfeffer','Curepipe',NULL,'73350',6),(30,'Farrell-Kozey','Brzyska','38-212','64735',6),(31,'Grady-Little','Alacaygan','1212','0204',5),(32,'Marvin-Gutmann','Santa Cruz do Bispo','4455-794','5',8),(33,'Wyman-Powlowski','Pingdingbu',NULL,'7',8),(34,'Wilkinson, Davis and O\'Hara','Klimontów','32-112','482',3),(35,'Quigley-Herman','Kemang',NULL,'60',5),(36,'Marks Group','Whitchurch','BS14','57',6),(37,'Goyette and Sons','Saint-Félicien','G8K','799',7),(38,'Botsford-Veum','Roanoke','24009','4962',8),(40,'Bruen-Greenfelder','Ibaraki','649-1211','90',4),(41,'Brakus, Abernathy and Ankunding','Kinh Môn',NULL,'499',7),(42,'Aufderhar Inc','Nizhniye Achaluki','386323','326',8),(43,'Osinski, Beer and Becker','Trinidad',NULL,'0',6),(44,'Berge-Sanford','Gandra','4940-025','4898',4),(45,'Little Group','Baltimore','21275','57055',7),(46,'Murphy, McClure and Kuphal','Budagovo','665236','804',6),(47,'Jerde and Sons','Shuidong',NULL,'25664',8),(48,'Cruickshank, Franecki and Veum','Zhili',NULL,'1',3),(49,'Sawayn-Daniel','Potrerillos',NULL,'5049',6),(50,'Rippin-Russel','Kugluktuk','T5C','2',6),(51,'Bednar, Rippin and Jones','Pingfeng',NULL,'32',5),(52,'Pouros Group','Ropa','38-312','0400',7),(53,'Crona-Mante','Morden','R6M','344',8),(54,'Crona, Pagac and Ritchie','Koh Kong',NULL,'854',8),(55,'Kautzer Group','Dong Charoen','66210','45',6),(56,'Beer-Quigley','Qinglong',NULL,'99',7),(57,'Spencer, Abbott and Howe','Cha-am','76120','25842',5),(58,'Rosenbaum, Hagenes and Upton','Burnaby','V5M','1',6),(60,'Dooley-Dietrich','Azul','7300','2548',7),(61,'Gottlieb, Welch and Kreiger','Bradenton','34282','7',4),(62,'Considine, Dickens and Bernier','Meybod',NULL,'58',7),(63,'Batz-Heathcote','Niafunké',NULL,'1',5),(64,'Schulist-Blanda','Asahbadung',NULL,'1',7),(65,'Walker, Jones and Macejkovic','Garhi Khairo','79050','0440',5),(66,'Breitenberg-Kuhlman','Afonsoeiro','2870-013','4',3),(67,'Swift and Sons','Bairro','4620-091','6441',7),(68,'Funk and Sons','Kruševica','35220','96567',5),(69,'Howe and Sons','Linhares','4620-620','3107',7),(70,'McGlynn, Thompson and Dooley','Silvino Lobos','6414','8',4),(71,'Reynolds-Abernathy','Velké Losiny','788 15','76',6),(72,'McCullough, Leuschke and Terry','Kristianstad','291 41','2',3),(73,'Murazik Group','Camindangan','7015','062',7),(74,'Beer and Sons','Karipidita',NULL,'612',4),(75,'Tremblay LLC','Gongdao',NULL,'3',5),(76,'Simonis, Zboncak and Spinka','Rogowo','88-420','4158',3),(77,'Kihn, Towne and Ward','Galván','11512','2842',8),(79,'Salah','Cairo',NULL,NULL,5),(80,'Douglas-Shields','Saint Louis','63180','27054',7),(81,'O\'Kon-Bednar','Tuchlovice','273 02','9',3),(82,'Wyman, Kshlerin and Roob','El Paraíso',NULL,'24153',6),(83,'Pharmacie de la Plage','St Tropez','83000','17 rue du four',4),(85,'Kovacek, Bergstrom and Lemke','Shu',NULL,'2',6),(86,'Baumbach Group','Wafang',NULL,'2918',4),(87,'Bogan Inc','Barinitas',NULL,'1222',3),(88,'Rowe, Kulas and Auer','Phu Khiao','36110','4351',7),(89,'Kuhn Group','Ngembak',NULL,'0',6),(90,'Spinka Group','Urungpigang',NULL,'6083',8),(91,'Donnelly Group','Idi Iroko',NULL,'8',7),(92,'Cremin Group','Fteliá',NULL,'85',7),(93,'Slashen','Osaka','8789','4984231',3),(94,'Legros-Emard','La Paz','8508','5598',4),(95,'Becker-Wilderman','Frösön','832 47','748',8),(96,'Aufderhar and Sons','Providence',NULL,'957',4),(97,'Heathcote-Schumm','Lansing','48919','33482',3),(98,'Walcott','Cincinnati','012345','5464',6),(99,'Ward, Rutherford and Shields','Wadeng',NULL,'72',5),(100,'Rodriguez-Considine','Arzakan',NULL,'5',4);
/*!40000 ALTER TABLE `pharmacie` ENABLE KEYS */;
UNLOCK TABLES;

--
-- Table structure for table `pharmacien`
--

DROP TABLE IF EXISTS `pharmacien`;
/*!40101 SET @saved_cs_client     = @@character_set_client */;
/*!40101 SET character_set_client = utf8 */;
CREATE TABLE `pharmacien` (
  `PHNum` int(11) NOT NULL AUTO_INCREMENT,
  `Nom` varchar(255) DEFAULT NULL,
  `Prenom` varchar(255) DEFAULT NULL,
  `Email` varchar(255) DEFAULT NULL,
  `Telephone` varchar(10) DEFAULT NULL,
  `PHARNum` int(11) DEFAULT NULL,
  PRIMARY KEY (`PHNum`),
  KEY `PHARNum` (`PHARNum`),
  CONSTRAINT `pharmacien_ibfk_1` FOREIGN KEY (`PHARNum`) REFERENCES `pharmacie` (`PHARNum`)
) ENGINE=InnoDB AUTO_INCREMENT=501 DEFAULT CHARSET=latin1;
/*!40101 SET character_set_client = @saved_cs_client */;

--
-- Dumping data for table `pharmacien`
--

LOCK TABLES `pharmacien` WRITE;
/*!40000 ALTER TABLE `pharmacien` DISABLE KEYS */;
INSERT INTO `pharmacien` VALUES (1,'Comben','Chloé','jcomben0@lycos.com','5088885890',16),(2,'Urry','Desirée','hurry1@acquirethisname.com','7669712959',35),(3,'Kelberman','Alizée','mkelberman2@woothemes.com','4693701351',21),(4,'Steward','Mårten','ksteward3@cdc.gov','1659133176',43),(5,'Obert','Anaé','wobert4@imdb.com','8564679973',91),(6,'Mont','Daphnée','hmont5@ox.ac.uk','1422642002',20),(7,'Dei','Laurène','ndei6@gmpg.org','9719233982',30),(8,'Battlestone','Irène','pbattlestone7@dailymail.co.uk','3608629741',15),(10,'Imison','Irène','aimison9@timesonline.co.uk','9808884231',72),(11,'Mufford','Mélys','amufforda@wix.com','4844796338',45),(12,'MacDearmaid','Bécassine','bmacdearmaidb@desdev.cn','9504609877',8),(13,'Boyne','Eléa','rboynec@list-manage.com','9973957759',51),(14,'Latter','Laïla','clatterd@pen.io','9111000757',99),(15,'Dillicate','Alizée','jdillicatee@goo.gl','6151327393',68),(16,'Hails','Eliès','chailsf@mtv.com','3548629722',75),(17,'Johnsee','Fèi','djohnseeg@xinhuanet.com','9165456044',69),(18,'Duxbarry','Miléna','nduxbarryh@google.pl','2008779621',98),(19,'Latey','Réservés','ulateyi@dmoz.org','2727079483',72),(20,'Fidler','Véronique','sfidlerj@usda.gov','5151364567',40),(21,'Denisot','Thérèsa','sdenisotk@umn.edu','6267576870',86),(22,'Doll','Vénus','bdolll@nsw.gov.au','2595886990',91),(23,'Questier','Eugénie','squestierm@sogou.com','8712546559',25),(24,'Horlick','Maëlle','chorlickn@pbs.org','5982538247',47),(25,'Sivess','Méryl','ssivesso@fema.gov','6259843435',3),(26,'Wimbury','Solène','awimburyp@economist.com','7432834211',82),(27,'McGarrell','Thérèsa','kmcgarrellq@domainmarket.com','2286577638',71),(28,'Oldacres','Maëlyss','aoldacresr@cisco.com','9235803012',100),(30,'Truin','Cécilia','struint@irs.gov','8754566029',52),(31,'Tiner','Cécile','ctineru@walmart.com','9673517245',99),(32,'Le Barr','Cinéma','jlebarrv@cbsnews.com','2716849460',91),(33,'Massie','Nuó','gmassiew@chronoengine.com','9303113994',26),(34,'Lewknor','Lóng','mlewknorx@pagesperso-orange.fr','5057293858',20),(35,'O\'Mannion','Angélique','pomanniony@google.nl','2778338317',86),(36,'Farquhar','Tú','dfarquharz@tuttocitta.it','2001192383',94),(37,'Spurrett','Mahélie','tspurrett10@parallels.com','7618568012',52),(38,'Summergill','Kù','bsummergill11@cam.ac.uk','3351508460',100),(39,'Brandone','Miléna','hbrandone12@deviantart.com','3176214607',20),(40,'Bril','Hélèna','fbril13@usatoday.com','2599187739',55),(41,'Ravens','Sélène','jravens14@businesswire.com','5551568550',68),(42,'Matus','Jú','cmatus15@fastcompany.com','8974071620',75),(43,'Fenton','Lyséa','mfenton16@webeden.co.uk','6439024315',41),(44,'Corke','Célestine','lcorke17@t-online.de','1937024078',43),(45,'Eakens','Estève','ceakens18@illinois.edu','8393491773',1),(46,'Gorcke','Thérèsa','bgorcke19@washingtonpost.com','9767877745',79),(48,'Cullen','Ophélie','acullen1b@cdbaby.com','4746228628',40),(49,'Gozzett','Bérengère','lgozzett1c@cdbaby.com','2859114023',87),(50,'Luetkemeyer','Noëlla','eluetkemeyer1d@nationalgeographic.com','3376513353',42),(51,'Green','Almérinda','igreen1e@nasa.gov','4898900633',88),(52,'Urien','Danièle','murien1f@ibm.com','4305555399',38),(53,'Veldens','Crééz','bveldens1g@soup.io','3901790730',43),(54,'Cove','Märta','ccove1h@google.co.uk','4925233640',46),(55,'Robus','Kévina','drobus1i@hibu.com','6137100285',80),(56,'Heinsius','Gisèle','kheinsius1j@phoca.cz','2136877055',11),(57,'Hadye','Mélinda','nhadye1k@java.com','4312543594',71),(58,'Sherman','Mélanie','asherman1l@dion.ne.jp','5624082369',87),(60,'Solan','Inès','esolan1n@eepurl.com','9042423122',65),(61,'Tilford','Mylène','mtilford1o@4shared.com','3489917029',93),(62,'Bothams','Marlène','fbothams1p@homestead.com','6722120142',41),(63,'Nockalls','Géraldine','rnockalls1q@blogs.com','6005481013',17),(64,'Byk','Maéna','cbyk1r@hhs.gov','4813580400',64),(65,'Gelder','Edmée','bgelder1s@scribd.com','5122233208',88),(66,'Pennington','Maéna','kpennington1t@businessinsider.com','8717299889',10),(67,'Vala','Táng','dvala1u@vkontakte.ru','6342406112',91),(68,'Verissimo','Réjane','mverissimo1v@list-manage.com','1486576373',5),(69,'Erbain','Gisèle','merbain1w@typepad.com','3442066511',15),(70,'Fawloe','Laïla','cfawloe1x@bing.com','1937485075',28),(71,'Eltune','Yú','deltune1y@desdev.cn','1016094627',2),(72,'Yushin','Salomé','lyushin1z@usa.gov','8941167900',98),(73,'Lamperti','Néhémie','plamperti20@shareasale.com','1865086619',83),(74,'Bogaert','Lauréna','pbogaert21@ocn.ne.jp','7466456235',60),(75,'Gilleon','Léone','tgilleon22@patch.com','4473831329',95),(76,'Stellin','Marie-hélène','cstellin23@samsung.com','8345187445',94),(77,'Giorio','Réservés','agiorio24@bizjournals.com','8145097344',60),(78,'Simkin','Lóng','msimkin25@irs.gov','4576835161',60),(79,'Fernao','Edmée','bfernao26@ezinearticles.com','8594869429',19),(80,'Grabham','Aloïs','bgrabham27@purevolume.com','8451187154',69),(81,'Purslow','Maëline','fpurslow28@geocities.com','9808496375',41),(82,'Tunney','Méghane','rtunney29@mail.ru','7429246191',36),(83,'Halfpenny','Mén','jhalfpenny2a@google.co.uk','9808778479',38),(84,'Waberer','Pål','lwaberer2b@theglobeandmail.com','5183925947',63),(85,'Whybrow','Gérald','lwhybrow2c@edublogs.org','9231517906',64),(86,'Collough','Angélique','bcollough2d@histats.com','2416824377',13),(87,'Carik','Léonie','jcarik2e@elegantthemes.com','7421551655',21),(88,'Tregona','Laurélie','rtregona2f@g.co','6528351547',36),(89,'Franciottoi','Uò','dfranciottoi2g@virginia.edu','9069319152',40),(90,'Papes','Esbjörn','mpapes2h@ebay.com','8904429528',14),(91,'Nolli','Angèle','mnolli2i@google.cn','1105732628',70),(92,'Boote','Océane','aboote2j@uol.com.br','5028482010',20),(93,'Maryan','Pélagie','ymaryan2k@guardian.co.uk','1452062061',63),(94,'Moralis','Agnès','jmoralis2l@mapquest.com','9651572241',19),(95,'de Copeman','Françoise','bdecopeman2m@marriott.com','3184946390',79),(96,'Boog','Nuó','aboog2n@sbwire.com','4938636579',35),(97,'Pendrich','Pélagie','kpendrich2o@themeforest.net','3942821806',58),(98,'McGuirk','Léana','emcguirk2p@jigsy.com','1819281806',88),(99,'Heibl','Mélanie','sheibl2q@google.es','2228890174',66),(100,'Adelberg','Maëlle','dadelberg2r@t.co','6101984986',98),(101,'Santorini','Angèle','rsantorini2s@feedburner.com','4466092463',35),(102,'Pickering','Thérèsa','kpickering2t@alibaba.com','4013866266',45),(103,'Gerry','Lauréna','dgerry2u@fda.gov','8739383586',81),(104,'Voules','Océanne','mvoules2v@chron.com','2391249947',31),(105,'Wellbank','Lyséa','pwellbank2w@tumblr.com','7218547310',53),(106,'MacAree','Björn','mmacaree2x@wikipedia.org','8259163005',31),(107,'Le Barr','Marie-françoise','slebarr2y@imgur.com','5459747732',83),(108,'Hellens','Marie-noël','ahellens2z@jalbum.net','9653579005',31),(109,'Vidler','Intéressant','fvidler30@bbc.co.uk','7096255430',20),(110,'Mollene','Kévina','mmollene31@yolasite.com','2536356711',29),(111,'Walkley','Fèi','cwalkley32@istockphoto.com','1707430849',99),(112,'Edworthy','Måns','cedworthy33@cbsnews.com','2925406482',55),(113,'Rizzo','Yénora','trizzo34@guardian.co.uk','9339072941',25),(114,'Decreuze','Torbjörn','ldecreuze35@baidu.com','8043616474',63),(115,'Ruit','Bérangère','mruit36@oracle.com','7574428245',48),(116,'Murkin','Véronique','omurkin37@dmoz.org','9296981221',68),(118,'Adriano','Görel','jadriano39@nydailynews.com','6702704868',69),(119,'Malthus','Marylène','smalthus3a@blogger.com','9282206291',93),(120,'Quartly','Bérengère','fquartly3b@japanpost.jp','7101906997',32),(121,'McTaggart','Maéna','mmctaggart3c@go.com','8277042181',64),(122,'Gilliam','Personnalisée','tgilliam3d@cargocollective.com','1666373702',44),(123,'Lathom','Yóu','rlathom3e@blog.com','8423772675',23),(125,'Allibone','Cécile','kallibone3g@nationalgeographic.com','5852838637',85),(126,'Peile','Géraldine','rpeile3h@infoseek.co.jp','1087522774',49),(127,'Wrate','Maïté','awrate3i@scientificamerican.com','5764984262',70),(128,'McQuorkell','Valérie','mmcquorkell3j@wordpress.com','7523243082',42),(129,'Casseldine','Mélina','acasseldine3k@zimbio.com','2696057310',14),(130,'Revie','Méghane','hrevie3l@taobao.com','9279000352',30),(131,'Piddock','Sòng','cpiddock3m@icio.us','8653205030',43),(133,'Osman','Kuí','uosman3o@noaa.gov','2563284068',6),(134,'Mugleston','Görel','amugleston3p@gnu.org','3999487426',55),(135,'Aleksashin','Maïlys','ealeksashin3q@answers.com','9871437801',83),(136,'Milberry','Laurène','tmilberry3r@wikimedia.org','3212582954',98),(137,'Rany','Yú','drany3s@cocolog-nifty.com','4108263312',30),(138,'Semiras','Dafnée','ssemiras3t@springer.com','8433057425',27),(139,'Castane','Pål','gcastane3u@biblegateway.com','5739148184',67),(140,'Knight','Gaëlle','cknight3v@tinypic.com','3017123417',13),(141,'Brislane','Marie-françoise','ybrislane3w@ameblo.jp','1051481829',66),(142,'Wingham','Dorothée','twingham3x@taobao.com','9457578642',46),(144,'Goodlake','Örjan','bgoodlake3z@wufoo.com','1503375251',19),(145,'Humbey','Almérinda','jhumbey40@statcounter.com','1132279103',79),(146,'Melross','Kù','rmelross41@cmu.edu','6292932541',54),(147,'Castro','Angèle','hcastro42@redcross.org','5473239940',86),(148,'O\'Lunney','Méthode','aolunney43@ifeng.com','6322537596',27),(149,'De Hailes','Rachèle','ndehailes44@netvibes.com','1956095432',94),(150,'Janous','Kévina','sjanous45@1688.com','8087443148',28),(151,'Hollows','Eloïse','thollows46@rediff.com','7676040534',89),(152,'Iban','Loïs','diban47@virginia.edu','2634761614',72),(153,'Barrass','Lyséa','obarrass48@nih.gov','2835947752',49),(154,'Timewell','Estève','itimewell49@cnn.com','4665532363',3),(155,'Graveney','Marie-hélène','wgraveney4a@feedburner.com','4804706516',26),(156,'Knoller','Néhémie','bknoller4b@smugmug.com','1661880464',27),(157,'Nanson','Zhì','ananson4c@about.com','6772381099',47),(158,'Caslett','Estève','bcaslett4d@google.ca','8603667055',50),(159,'Burnsell','Mén','bburnsell4e@cisco.com','9537819775',68),(160,'McBean','Börje','imcbean4f@rakuten.co.jp','2259678935',15),(161,'Figgs','Gaëlle','efiggs4g@google.cn','4218387725',26),(162,'Beadon','Léonore','fbeadon4h@paginegialle.it','1272472606',75),(163,'Preddle','Miléna','spreddle4i@altervista.org','7524335515',81),(164,'Tetley','Gérald','rtetley4j@istockphoto.com','2837063360',55),(165,'Kinnaird','Wá','ekinnaird4k@java.com','9109202583',80),(166,'Brymham','Maïwenn','rbrymham4l@google.de','2074603615',53),(167,'Libri','Eléa','elibri4m@indiegogo.com','2103305410',74),(169,'Adcock','Amélie','aadcock4o@biblegateway.com','3048003428',17),(170,'Jandourek','Noémie','vjandourek4p@friendfeed.com','6243411797',93),(171,'Manders','Cléa','mmanders4q@uiuc.edu','5163762120',90),(172,'Colling','Maï','rcolling4r@pagesperso-orange.fr','7471081858',28),(173,'Fenkel','Méthode','dfenkel4s@t-online.de','2206212110',27),(175,'Stallworth','Eloïse','hstallworth4u@bizjournals.com','6014207533',56),(176,'Elmore','Maëlle','telmore4v@xrea.com','9854589150',40),(178,'Bourdon','Lài','jbourdon4x@weather.com','3982909567',68),(179,'Healey','Maïlis','ahealey4y@scientificamerican.com','2192890789',80),(180,'Gillespey','Eliès','mgillespey4z@merriam-webster.com','9549419208',43),(181,'McParland','Adélie','bmcparland50@cbc.ca','7078613591',18),(182,'Ballentime','Nadège','bballentime51@forbes.com','4796259893',42),(183,'McMeekan','Nuó','nmcmeekan52@google.com','2922327783',73),(184,'Crichten','Desirée','mcrichten53@goodreads.com','6228880050',75),(185,'Sellack','Maëline','bsellack54@sbwire.com','7329996687',3),(186,'Minton','Naëlle','eminton55@nasa.gov','5255976085',31),(187,'Wigmore','Naéva','twigmore56@w3.org','6245981614',68),(188,'O\'Mahoney','Méthode','aomahoney57@hostgator.com','7015545517',47),(189,'Gorring','Laurélie','vgorring58@booking.com','7097553374',43),(190,'Richings','Mélia','rrichings59@amazon.co.uk','8411900484',47),(191,'Newbery','Illustrée','mnewbery5a@shinystat.com','6128401284',27),(192,'Marcos','Maïly','wmarcos5b@taobao.com','7485388981',17),(193,'Paffley','Laurélie','mpaffley5c@shutterfly.com','7306958223',7),(194,'Cushe','Bénédicte','dcushe5d@mashable.com','3991134489',38),(195,'Garrigan','Mélodie','kgarrigan5e@blogspot.com','3255799147',18),(196,'Joscelyne','Torbjörn','jjoscelyne5f@businessweek.com','2669591901',17),(197,'Fudge','Illustrée','ifudge5g@amazon.com','5194475987',11),(198,'Trowler','Estée','etrowler5h@nifty.com','9011758343',63),(199,'Canape','Maëlyss','ccanape5i@salon.com','4294817658',76),(200,'Symers','Torbjörn','bsymers5j@canalblog.com','8935081333',8),(201,'Benns','Méthode','sbenns5k@netvibes.com','5487517866',80),(202,'Tilly','Eliès','htilly5l@mapquest.com','7341146188',28),(203,'Goudard','Béatrice','sgoudard5m@facebook.com','5466775481',61),(204,'Philpot','Yáo','iphilpot5n@uol.com.br','5116135970',23),(205,'Morrid','Dù','cmorrid5o@purevolume.com','1864925735',35),(206,'Bosman','Maïté','abosman5p@aboutads.info','8357087103',89),(207,'Thursfield','Séréna','tthursfield5q@themeforest.net','8426516190',35),(208,'Potes','Rachèle','lpotes5r@wordpress.com','9763705915',48),(209,'Turfs','Mélia','sturfs5s@csmonitor.com','3817399452',55),(210,'Fawdery','Mégane','pfawdery5t@instagram.com','6179973432',34),(211,'Gurling','Cécilia','cgurling5u@rediff.com','2339315930',31),(212,'Meiner','Anaïs','fmeiner5v@independent.co.uk','1326204612',28),(213,'Fiddiman','Zhì','lfiddiman5w@nih.gov','4814982491',16),(214,'Dionisi','Méryl','edionisi5x@phpbb.com','7647445947',46),(215,'Sappy','Anaël','ssappy5y@e-recht24.de','8204323502',31),(216,'MacCarter','Maëly','bmaccarter5z@indiegogo.com','4449136521',65),(217,'Dabnor','Sòng','gdabnor60@1688.com','2237699011',74),(218,'Colenutt','Laurélie','gcolenutt61@51.la','4503722145',63),(219,'Hallgalley','Björn','jhallgalley62@biglobe.ne.jp','9622188745',82),(220,'Reuven','Mélys','dreuven63@irs.gov','7475627331',34),(221,'Tesseyman','Lucrèce','atesseyman64@amazon.co.jp','1962104806',17),(222,'Pattingson','Séréna','lpattingson65@fema.gov','5964659482',58),(223,'Humbey','Gisèle','shumbey66@fc2.com','8468388160',25),(224,'Faucett','Håkan','mfaucett67@va.gov','4479189017',75),(225,'Andreas','Åsa','randreas68@desdev.cn','7895229159',53),(226,'Saunt','Lucrèce','psaunt69@nps.gov','6266983965',69),(227,'Westfield','Marie-ève','rwestfield6a@dell.com','5795685342',77),(228,'Greeveson','Audréanne','mgreeveson6b@4shared.com','5012481972',42),(229,'Risdale','Célia','erisdale6c@jugem.jp','2081239726',82),(230,'Van der Velde','Vérane','ivandervelde6d@phpbb.com','6797624579',14),(231,'Grimwade','Mégane','ggrimwade6e@freewebs.com','2718194968',2),(232,'Bowstead','Mén','fbowstead6f@virginia.edu','4609237002',31),(233,'Stent','Gwenaëlle','lstent6g@wix.com','6133701636',16),(234,'Stores','Judicaël','dstores6h@shareasale.com','7888079228',53),(236,'Wisniewski','Angélique','lwisniewski6j@so-net.ne.jp','7506618283',35),(237,'Burleton','Camélia','jburleton6k@hhs.gov','2706067422',76),(238,'Willatt','Simplifiés','gwillatt6l@delicious.com','5266285085',6),(239,'Boler','Vérane','rboler6m@gov.uk','5754753531',5),(240,'Reasun','Léana','preasun6n@opensource.org','3649430895',8),(241,'O\'Collopy','Åslög','bocollopy6o@businessweek.com','2869478940',38),(242,'Becke','Åsa','mbecke6p@army.mil','8137476526',25),(243,'MacGiffin','Médiamass','bmacgiffin6q@hp.com','9527694161',12),(244,'Kyle','Zhì','akyle6r@imageshack.us','8098451489',17),(245,'Stocker','Maïlis','astocker6s@ovh.net','6467450449',16),(246,'Baseggio','Bérangère','ebaseggio6t@dion.ne.jp','7095671809',93),(247,'Freed','Crééz','vfreed6u@dell.com','2776029294',41),(248,'Doyle','Amélie','cdoyle6v@amazon.co.uk','9503955736',100),(249,'Pfeffer','Salomé','wpfeffer6w@posterous.com','2572644806',99),(250,'Alfonzo','Gaétane','lalfonzo6x@fema.gov','2035940672',53),(251,'Troni','Anaïs','rtroni6y@washingtonpost.com','1889774824',4),(252,'Ziemecki','Marie-noël','iziemecki6z@youku.com','1145384716',8),(253,'Featley','Aloïs','sfeatley70@bing.com','8659719305',99),(254,'Altamirano','Åslög','daltamirano71@yale.edu','5714914389',43),(255,'Berre','Méng','mberre72@reverbnation.com','6122165213',13),(256,'Tretter','Magdalène','htretter73@jalbum.net','6656575240',5),(257,'Steaning','Géraldine','csteaning74@cyberchimps.com','2106708413',5),(258,'Rissom','Félicie','trissom75@slashdot.org','3889966634',46),(259,'Ungerer','Naëlle','mungerer76@tinyurl.com','8796649879',85),(261,'Lysaght','Méryl','mlysaght78@netlog.com','6343737378',8),(262,'McQuorkell','Gisèle','emcquorkell79@indiatimes.com','3086545890',88),(263,'Beckensall','Nélie','bbeckensall7a@dailymail.co.uk','5431498491',79),(264,'Culy','Zoé','cculy7b@tuttocitta.it','1043084092',95),(265,'Ravenscroftt','Bérangère','aravenscroftt7c@usa.gov','9643277265',32),(266,'Westmore','Noémie','twestmore7d@archive.org','3503024360',50),(267,'Cubuzzi','Andréa','scubuzzi7e@surveymonkey.com','7219525364',90),(268,'Davern','Nélie','fdavern7f@bing.com','2052873352',88),(269,'Pobjoy','Eloïse','bpobjoy7g@ifeng.com','5431723688',29),(270,'Scherme','Inès','bscherme7h@twitpic.com','1889232652',3),(271,'Troughton','Mélissandre','ftroughton7i@mit.edu','4224346102',87),(272,'Libbie','Kù','slibbie7j@usa.gov','6443616252',91),(273,'Castaneda','Anaël','mcastaneda7k@csmonitor.com','6951053208',98),(274,'O\'Sheils','Stévina','tosheils7l@bbc.co.uk','8168296229',23),(275,'Maidstone','Méthode','dmaidstone7m@nasa.gov','2869904158',18),(276,'Flisher','Cécilia','vflisher7n@reuters.com','7223008014',95),(277,'Meddemmen','Zoé','ameddemmen7o@altervista.org','6116098328',75),(278,'Dineen','Léone','gdineen7p@domainmarket.com','9329556841',10),(279,'Heald','Jú','aheald7q@imgur.com','2407025412',12),(280,'Price','Josée','dprice7r@ucoz.com','9734785284',20),(281,'Hoyte','Faîtes','jhoyte7s@bravesites.com','6192254092',41),(282,'Bisco','Méline','jbisco7t@gravatar.com','8432713093',36),(283,'Fillis','Maëlyss','afillis7u@desdev.cn','6371944950',82),(284,'Dunk','Styrbjörn','jdunk7v@google.de','1324059657',17),(285,'Peaker','Pò','dpeaker7w@comsenz.com','7834539965',6),(286,'Reiglar','Cécile','lreiglar7x@mediafire.com','4678768840',34),(287,'Solomon','Yè','nsolomon7y@redcross.org','7432908918',80),(288,'Sines','Cécile','nsines7z@webs.com','2408817197',54),(289,'Fernez','Bérengère','hfernez80@mlb.com','1779184230',69),(290,'Sodeau','Anaé','csodeau81@deliciousdays.com','6861972899',63),(291,'Pape','Bérangère','apape82@accuweather.com','2982813045',37),(292,'Gierok','Athéna','cgierok83@baidu.com','7079396843',56),(293,'Mapletoft','Lài','kmapletoft84@artisteer.com','1667055443',58),(294,'Francino','Lyséa','jfrancino85@fotki.com','1498672714',28),(295,'Junkinson','Marie-noël','pjunkinson86@jalbum.net','2815295709',29),(296,'Daintrey','Göran','bdaintrey87@mozilla.com','4005476067',66),(297,'Thor','Edmée','pthor88@themeforest.net','4098940868',87),(298,'Lozano','Gérald','hlozano89@sun.com','6413343474',88),(299,'Mirfin','Maëlann','tmirfin8a@taobao.com','5862428531',77),(300,'Waldron','Gwenaëlle','fwaldron8b@istockphoto.com','6797096645',40),(301,'Brann','Ruò','bbrann8c@loc.gov','1257062518',49),(302,'Allanby','Clémentine','ballanby8d@hostgator.com','2512713079',44),(303,'Hatcher','Göran','dhatcher8e@redcross.org','1425711725',54),(304,'Hawgood','Joséphine','mhawgood8f@latimes.com','8061778558',99),(305,'Ander','Maïté','rander8g@nature.com','4446968062',54),(306,'Pinchbeck','Estève','mpinchbeck8h@bigcartel.com','4181369622',50),(307,'Lindwasser','Miléna','glindwasser8i@hibu.com','1615465409',12),(308,'Ivoshin','Personnalisée','livoshin8j@cbslocal.com','9965820515',16),(309,'Laetham','Maëlys','llaetham8k@google.ca','8053240803',71),(310,'Duigenan','Marie-françoise','wduigenan8l@google.com.au','9159244264',69),(311,'Threader','Léa','athreader8m@w3.org','4867309501',27),(312,'Shirer','Andréa','gshirer8n@csmonitor.com','4024503031',20),(313,'Chalk','Almérinda','rchalk8o@liveinternet.ru','6879962024',21),(314,'Hember','Garçon','chember8p@reddit.com','5353970234',76),(315,'Calcott','Kù','jcalcott8q@businessweek.com','6103804006',51),(316,'Dils','Bécassine','mdils8r@earthlink.net','3226824343',41),(317,'Rusling','Gaëlle','prusling8s@oaic.gov.au','4078382736',44),(318,'Witherup','Yóu','awitherup8t@simplemachines.org','7292276054',11),(319,'Dolan','Almérinda','tdolan8u@omniture.com','3082819558',5),(320,'Le Hucquet','Yú','blehucquet8v@prlog.org','5234963702',41),(321,'Finder','Loïc','rfinder8w@mtv.com','9636580903',13),(322,'Queyeiro','Daphnée','mqueyeiro8x@cbslocal.com','9968139336',96),(323,'Peacop','Marie-hélène','lpeacop8y@ebay.com','2579033433',4),(326,'Mackerel','Lóng','mmackerel91@pen.io','6949819850',71),(327,'Maydwell','Andréanne','lmaydwell92@nps.gov','2641973902',8),(328,'Audas','Maéna','waudas93@joomla.org','6314355469',88),(329,'Stockey','Léandre','hstockey94@geocities.jp','9194970565',63),(330,'Edwicke','Aí','cedwicke95@cmu.edu','2863976038',20),(331,'Legrice','Wá','alegrice96@paginegialle.it','7879224738',69),(332,'Benneton','Miléna','cbenneton97@bloglines.com','7052174819',83),(333,'Candwell','Pélagie','gcandwell98@time.com','4408004332',75),(334,'Baty','Estée','rbaty99@fema.gov','7066638251',63),(335,'Ranshaw','Geneviève','mranshaw9a@booking.com','3651518257',24),(336,'Rhubottom','Maïlys','erhubottom9b@nih.gov','5392092595',24),(337,'Celier','Mén','icelier9c@cargocollective.com','6709755324',94),(338,'Angerstein','Desirée','cangerstein9d@redcross.org','5726468077',10),(339,'Klementz','Mylène','aklementz9e@uiuc.edu','3976211301',81),(340,'Bengtson','Amélie','wbengtson9f@weather.com','3668199659',96),(341,'Mangeney','Solène','emangeney9g@domainmarket.com','2406404250',100),(342,'Kenwood','Yóu','akenwood9h@abc.net.au','2146780965',91),(343,'Ecclestone','Maïlis','lecclestone9i@narod.ru','1602881938',21),(344,'Starbucke','Hélène','rstarbucke9j@constantcontact.com','9046548617',80),(345,'Portinari','Maëlle','cportinari9k@yolasite.com','2154173128',29),(346,'Handrek','Bénédicte','ghandrek9l@slideshare.net','1636244546',48),(348,'Rickman','Stéphanie','vrickman9n@noaa.gov','1898978894',65),(349,'Broose','Mårten','mbroose9o@rambler.ru','9412966004',27),(350,'Gaize','Danièle','sgaize9p@list-manage.com','2532512571',75),(351,'Oldrey','Fèi','soldrey9q@yahoo.co.jp','3114061265',72),(352,'Josse','Maï','ajosse9r@trellian.com','9126977021',28),(353,'Mardall','Mélodie','imardall9s@acquirethisname.com','9809266684',89),(354,'Bottelstone','Vérane','tbottelstone9t@infoseek.co.jp','1804833546',93),(355,'Wicks','Marie-hélène','mwicks9u@theatlantic.com','1497636670',100),(356,'Carren','Véronique','rcarren9v@indiegogo.com','6803436521',32),(357,'Gallymore','Cloé','mgallymore9w@intel.com','9596108286',71),(358,'Groomebridge','Pò','cgroomebridge9x@omniture.com','9107021286',11),(359,'Alphege','Audréanne','lalphege9y@issuu.com','6651861856',73),(361,'Tolson','Marie-noël','ktolsona0@vk.com','7201004600',29),(362,'Feldman','Maïlys','nfeldmana1@fotki.com','1334195424',91),(363,'Rhodus','Méghane','lrhodusa2@cmu.edu','9441794869',27),(364,'Hellyer','Táng','thellyera3@cyberchimps.com','6887017893',73),(365,'MacKeller','Léa','rmackellera4@hhs.gov','7782128215',25),(366,'Hugnin','Håkan','mhugnina5@skype.com','9138340508',49),(367,'Cannon','Lóng','rcannona6@etsy.com','6843569532',49),(368,'Roantree','Mén','sroantreea7@twitter.com','3622154181',46),(369,'Crosfield','Léone','ecrosfielda8@mtv.com','9982951703',67),(370,'Scothern','Pélagie','gscotherna9@merriam-webster.com','6468631104',1),(371,'Truett','Agnès','jtruettaa@senate.gov','7053397112',17),(372,'Corder','Cunégonde','lcorderab@wikia.com','9944342272',1),(373,'Vickarman','Camélia','fvickarmanac@house.gov','6619332647',38),(374,'Corrao','Kù','scorraoad@vkontakte.ru','1295670719',10),(375,'Presnell','Nuó','bpresnellae@vistaprint.com','5324910663',13),(376,'Farris','Océane','ofarrisaf@unblog.fr','6383031730',85),(377,'Diamond','Lauréna','kdiamondag@blogger.com','4314502374',45),(378,'Jestico','Céline','jjesticoah@dion.ne.jp','1726319725',82),(379,'Prestland','Laïla','mprestlandai@meetup.com','9903357062',60),(380,'Spellesy','Béatrice','hspellesyaj@ocn.ne.jp','9044694521',46),(381,'Yurenev','Hélèna','pyurenevak@about.me','7366781267',18),(382,'Pabst','Adélie','kpabstal@washingtonpost.com','4349795257',41),(383,'Leftwich','Léonie','sleftwicham@ibm.com','3143617808',43),(384,'Faithorn','Intéressant','mfaithornan@dmoz.org','3572717422',20),(385,'Corton','Dù','gcortonao@umich.edu','5755104007',19),(386,'Whitcomb','Léana','kwhitcombap@economist.com','5536196229',31),(387,'Beecham','Inès','bbeechamaq@wordpress.org','3724686385',31),(388,'Izakovitz','Anaël','bizakovitzar@imdb.com','9037145119',96),(389,'Gronno','Salomé','kgronnoas@discovery.com','7513120111',34),(390,'Ambrogi','Vénus','bambrogiat@japanpost.jp','4426241536',35),(391,'Dubose','Åsa','aduboseau@netscape.com','5431598852',92),(392,'Seawell','Renée','sseawellav@altervista.org','5406968370',75),(393,'Trengove','Béatrice','ttrengoveaw@cdbaby.com','9404266122',46),(394,'Dumphreys','Maëlys','ldumphreysax@jigsy.com','6029112694',25),(395,'Tallow','Simplifiés','dtalloway@plala.or.jp','5239689591',79),(396,'Barrick','Célestine','pbarrickaz@paginegialle.it','3236460700',48),(397,'Lorey','Dorothée','bloreyb0@baidu.com','1696879565',17),(398,'Ceschini','Kuí','rceschinib1@mayoclinic.com','4553770736',16),(399,'McPhelimy','Zoé','mmcphelimyb2@mayoclinic.com','7166016082',72),(400,'Sighart','Françoise','lsighartb3@reverbnation.com','8185854289',10),(401,'Clifforth','Danièle','jclifforthb4@hexun.com','1326121876',49),(402,'Caseborne','Björn','acaseborneb5@xrea.com','4807164963',53),(403,'Matusson','Océane','bmatussonb6@google.com.au','7189673213',23),(404,'Genike','Kuí','bgenikeb7@stanford.edu','4846411886',21),(405,'Alderton','Geneviève','ualdertonb8@xing.com','5296460183',63),(406,'Dando','Håkan','kdandob9@sakura.ne.jp','7254803898',48),(407,'Gilhoolie','Mà','wgilhoolieba@nytimes.com','2416687567',47),(408,'Clemett','Maëly','cclemettbb@bizjournals.com','6613326593',51),(409,'Doughtery','Edmée','ndoughterybc@cocolog-nifty.com','7293676917',66),(410,'Rylstone','Maëly','erylstonebd@sbwire.com','2361943568',98),(411,'Ziemke','Åsa','rziemkebe@shop-pro.jp','7184235168',96),(412,'Hartridge','Erwéi','shartridgebf@eventbrite.com','8932008707',36),(413,'Ellum','Noémie','aellumbg@salon.com','9302828177',62),(414,'Rikkard','Kù','hrikkardbh@wikimedia.org','7134873980',58),(415,'Malcolmson','Agnès','dmalcolmsonbi@tripadvisor.com','8296555420',4),(416,'Glentz','Méryl','aglentzbj@ifeng.com','9827937136',45),(418,'Mayman','Geneviève','emaymanbl@storify.com','5045342563',41),(419,'Van den Velden','Sòng','hvandenveldenbm@t-online.de','8872336861',40),(420,'Boxer','Björn','mboxerbn@seesaa.net','6256591991',13),(421,'Lambertz','Illustrée','alambertzbo@histats.com','3061639025',69),(422,'Guild','Méthode','aguildbp@opera.com','9618622841',55),(423,'Hukins','Zoé','ohukinsbq@salon.com','3614965903',31),(425,'Blench','Lóng','cblenchbs@yolasite.com','8882104043',65),(426,'Bugdell','Séréna','abugdellbt@reddit.com','2145181640',34),(427,'Keates','Bécassine','gkeatesbu@furl.net','7648968084',3),(428,'Shand','Lucrèce','bshandbv@netvibes.com','6117409554',98),(429,'Ettery','Bérangère','detterybw@java.com','3948612789',9),(430,'Gascoyne','Mélinda','egascoynebx@mac.com','6708748032',45),(431,'Hayller','Judicaël','phayllerby@typepad.com','7474951431',90),(432,'Blenkinsop','Angélique','fblenkinsopbz@unesco.org','9577754281',29),(433,'Kendall','Eléa','dkendallc0@vinaora.com','6589539318',8),(434,'Dwight','Märta','ndwightc1@mapquest.com','5793318241',80),(435,'Sheriff','Nuó','asheriffc2@amazon.co.jp','7992880383',80),(436,'Carlino','Rachèle','bcarlinoc3@vkontakte.ru','3702075511',4),(437,'Quail','Mylène','squailc4@ifeng.com','3283600679',83),(438,'Fretwell','Intéressant','nfretwellc5@eepurl.com','4604722206',89),(439,'Bartlet','Léa','abartletc6@ibm.com','2536338687',32),(440,'Bunyan','Cunégonde','nbunyanc7@house.gov','3851860765',66),(441,'Hopfner','Daphnée','jhopfnerc8@nba.com','8957012442',91),(442,'Philipps','Léa','jphilippsc9@godaddy.com','8526003920',87),(443,'Conws','Cléopatre','gconwsca@booking.com','7899801380',72),(444,'Kirtlan','Léandre','kkirtlancb@tiny.cc','4073362931',100),(445,'Glantz','Marie-josée','kglantzcc@google.co.uk','6612424872',52),(447,'Fritter','Kévina','dfritterce@feedburner.com','8124535649',58),(448,'Hayes','Marie-françoise','ohayescf@ihg.com','7264508971',33),(449,'Troup','Mélodie','ptroupcg@oracle.com','1287518871',40),(450,'Osant','Maï','tosantch@sakura.ne.jp','6276984423',38),(451,'Skunes','Stéphanie','mskunesci@imgur.com','9987612300',57),(452,'Scotchmore','Loïs','pscotchmorecj@123-reg.co.uk','8649611171',95),(453,'Althorp','Örjan','salthorpck@histats.com','7636699548',50),(454,'Engledow','Marie-hélène','cengledowcl@google.ca','3513012263',69),(455,'Troman','Björn','htromancm@g.co','8548604237',52),(456,'Mabley','Léonie','kmableycn@geocities.com','6546291660',1),(457,'Kyte','Bérangère','bkyteco@parallels.com','2576606821',42),(458,'Antonnikov','Valérie','kantonnikovcp@smh.com.au','6582722834',30),(459,'Keenlayside','Renée','lkeenlaysidecq@weebly.com','2047419975',21),(460,'Issard','Andréanne','aissardcr@hao123.com','2962275271',4),(461,'Chapier','Tán','lchapiercs@behance.net','7917690844',99),(462,'Yeldon','Estée','fyeldonct@chicagotribune.com','3025420194',94),(463,'Tibbles','Méthode','ktibblescu@woothemes.com','5589504529',37),(464,'Radbone','Åslög','cradbonecv@nasa.gov','2247404003',76),(466,'Auguste','Bénédicte','taugustecx@archive.org','8836228441',38),(467,'Oehme','Ophélie','woehmecy@virginia.edu','1196025362',55),(468,'Dunthorn','Joséphine','cdunthorncz@tmall.com','2497061824',19),(469,'Fuidge','Thérèse','afuidged0@1und1.de','1125410546',71),(470,'Tinkham','Eléa','atinkhamd1@cafepress.com','6415805939',95),(471,'Jeyes','Renée','rjeyesd2@illinois.edu','3021895245',57),(472,'Halpeine','Simplifiés','rhalpeined3@printfriendly.com','1319713732',72),(473,'Ipsley','Bénédicte','pipsleyd4@fda.gov','5036540971',63),(474,'Gridon','Annotée','kgridond5@sohu.com','1565148305',33),(475,'Vittery','Adélaïde','gvitteryd6@spiegel.de','1517010012',96),(476,'Kemmett','Edmée','pkemmettd7@alibaba.com','4891014995',82),(477,'Hellard','Hélène','thellardd8@craigslist.org','3973559053',70),(478,'McCusker','Maïwenn','rmccuskerd9@nhs.uk','1666159264',45),(479,'Andrichuk','Illustrée','tandrichukda@kickstarter.com','2372087243',74),(481,'Tremmil','Anaëlle','atremmildc@bloglovin.com','5838044862',27),(482,'Pannett','Personnalisée','tpannettdd@icq.com','1299822228',63),(483,'Wicklen','Cloé','cwicklende@biglobe.ne.jp','3268287971',46),(484,'Conelly','Maïlis','dconellydf@forbes.com','8384587431',49),(485,'Bockings','Maëlann','kbockingsdg@ibm.com','6097418287',4),(486,'Bream','Médiamass','rbreamdh@google.nl','8332708402',31),(487,'Douglas','Liè','tdouglasdi@wikia.com','8128785938',95),(488,'Lobbe','Noémie','flobbedj@bandcamp.com','2032459844',37),(489,'Medlar','André','pmedlardk@ocn.ne.jp','3632811237',5),(490,'Barreau','Maïté','bbarreaudl@bluehost.com','4215512225',90),(491,'Stockow','Anaïs','jstockowdm@uiuc.edu','3171028881',85),(492,'Atack','Agnès','eatackdn@google.fr','3396283225',97),(493,'Yeo','Bérénice','syeodo@scientificamerican.com','5839148898',9),(494,'Van Der Hoog','Océanne','rvanderhoogdp@sohu.com','5125855016',79),(495,'Pudan','Mélodie','mpudandq@hugedomains.com','7646572273',52),(496,'Lilywhite','Personnalisée','hlilywhitedr@yolasite.com','6973279897',93),(497,'Tatlow','Gwenaëlle','mtatlowds@canalblog.com','9139550590',91),(498,'Cohen','Ruì','acohendt@cnet.com','6871153099',81),(499,'Davitti','Cécilia','ddavittidu@imdb.com','4993642623',92),(500,'Tinham','Léonore','ptinhamdv@people.com.cn','3491204317',61);
/*!40000 ALTER TABLE `pharmacien` ENABLE KEYS */;
UNLOCK TABLES;

--
-- Table structure for table `rdv`
--

DROP TABLE IF EXISTS `rdv`;
/*!40101 SET @saved_cs_client     = @@character_set_client */;
/*!40101 SET character_set_client = utf8 */;
CREATE TABLE `rdv` (
  `RDVNum` int(11) NOT NULL AUTO_INCREMENT,
  `MEDNum` int(11) NOT NULL,
  `CLINum` int(11) NOT NULL,
  `DateRdv` varchar(15) NOT NULL,
  `Heure` varchar(50) DEFAULT NULL,
  `Duree` int(11) DEFAULT NULL,
  `Prix` int(11) DEFAULT NULL,
  `Commentaires` varchar(255) DEFAULT NULL,
  PRIMARY KEY (`RDVNum`),
  UNIQUE KEY `rdv_rdvNum_uindex` (`RDVNum`),
  KEY `rdv_client_CLINum_fk` (`CLINum`),
  KEY `rdv_medecins_MEDNum_fk` (`MEDNum`),
  CONSTRAINT `rdv_client_CLINum_fk` FOREIGN KEY (`CLINum`) REFERENCES `client` (`CLINum`),
  CONSTRAINT `rdv_medecins_MEDNum_fk` FOREIGN KEY (`MEDNum`) REFERENCES `medecins` (`MEDNum`)
) ENGINE=InnoDB AUTO_INCREMENT=101 DEFAULT CHARSET=latin1;
/*!40101 SET character_set_client = @saved_cs_client */;

--
-- Dumping data for table `rdv`
--

LOCK TABLES `rdv` WRITE;
/*!40000 ALTER TABLE `rdv` DISABLE KEYS */;
INSERT INTO `rdv` VALUES (1,1,106,'08/14/2021','17:14:00',1,70,NULL),(2,2,120,'06/16/2021','06:29:00',2,88,NULL),(3,3,137,'04/13/2021','04:08:00',2,46,NULL),(4,4,14,'08/19/2021','05:46:00',1,95,NULL),(5,5,70,'12/05/2021','20:50:00',1,52,NULL),(6,6,98,'03/24/2021','16:49:00',1,41,NULL),(7,11,84,'01/28/2022','18:21:00',1,45,''),(8,8,5,'09/12/2020','18:14:00',2,58,NULL),(9,9,89,'01/02/2022','17:45:00',1,35,NULL),(10,10,13,'09/23/2020','05:27:00',1,46,NULL),(11,11,54,'03/03/2022','22:31:00',1,45,NULL),(12,12,145,'12/01/2021','09:22:00',2,79,NULL),(13,13,124,'08/08/2021','22:22:00',1,67,NULL),(14,14,85,'11/04/2021','02:16:00',2,51,NULL),(15,15,14,'03/20/2021','13:22:00',1,79,NULL),(16,16,69,'11/15/2021','07:52:00',2,58,NULL),(17,17,19,'08/04/2020','21:18:00',2,83,NULL),(18,18,29,'05/21/2021','19:30:00',2,68,NULL),(19,19,63,'05/12/2021','12:03:00',1,66,NULL),(20,20,76,'12/03/2021','21:54:00',1,90,NULL),(21,21,139,'01/12/2021','20:18:00',1,61,NULL),(22,22,1,'07/08/2020','03:10:00',1,94,NULL),(23,23,101,'02/08/2022','03:29:00',2,87,NULL),(24,24,88,'08/15/2020','10:12:00',1,43,NULL),(25,25,41,'02/05/2022','08:36:00',1,86,NULL),(26,26,129,'02/06/2022','05:11:00',1,72,NULL),(27,27,22,'10/25/2021','21:45:00',2,76,NULL),(28,28,13,'07/29/2021','23:54:00',2,83,NULL),(29,29,39,'12/26/2021','23:28:00',1,72,NULL),(30,30,126,'12/24/2020','14:14:00',1,49,NULL),(31,31,103,'03/17/2022','00:36:00',1,36,NULL),(32,32,146,'09/09/2020','10:16:00',2,39,NULL),(33,33,85,'04/08/2022','16:15:00',1,40,NULL),(34,34,115,'03/19/2021','06:04:00',2,55,NULL),(35,35,26,'03/16/2021','09:52:00',1,46,NULL),(36,36,24,'04/19/2021','02:20:00',1,53,NULL),(37,37,72,'11/07/2020','22:12:00',1,39,NULL),(38,38,91,'02/17/2021','21:54:00',1,42,NULL),(39,39,137,'03/20/2021','22:11:00',1,71,NULL),(40,40,6,'03/14/2021','17:32:00',1,58,NULL),(41,41,58,'11/17/2020','22:39:00',2,66,NULL),(42,42,72,'09/02/2020','14:57:00',1,40,NULL),(43,43,120,'02/17/2021','09:23:00',2,35,NULL),(44,44,80,'02/24/2021','16:49:00',2,87,NULL),(45,45,132,'10/11/2020','10:44:00',1,79,NULL),(46,46,150,'09/01/2020','09:36:00',1,52,NULL),(47,47,110,'05/11/2021','18:20:00',2,56,NULL),(48,48,96,'08/13/2021','13:48:00',1,82,NULL),(49,49,104,'06/22/2021','03:42:00',2,75,NULL),(50,50,43,'06/24/2020','17:41:00',2,76,NULL),(51,51,80,'02/14/2021','07:15:00',1,39,NULL),(52,52,28,'01/19/2021','03:26:00',1,92,NULL),(53,53,51,'07/27/2021','21:52:00',1,38,NULL),(54,54,36,'07/03/2020','17:15:00',1,48,NULL),(55,55,150,'11/26/2021','18:34:00',1,57,NULL),(56,56,105,'08/03/2020','23:24:00',2,47,NULL),(57,57,42,'12/22/2021','17:50:00',1,41,NULL),(58,58,134,'07/03/2021','10:32:00',1,76,NULL),(59,59,146,'10/26/2021','16:47:00',2,67,NULL),(60,60,26,'09/07/2021','02:07:00',2,61,NULL),(61,61,33,'11/17/2020','23:11:00',1,91,NULL),(62,62,68,'11/03/2021','04:06:00',2,74,NULL),(63,63,30,'03/21/2022','07:48:00',1,61,NULL),(64,64,92,'11/09/2020','19:40:00',2,37,NULL),(65,65,83,'07/01/2020','09:04:00',2,49,NULL),(66,66,13,'07/20/2021','00:44:00',1,57,NULL),(67,67,30,'06/18/2021','19:10:00',1,53,NULL),(68,68,8,'11/19/2020','04:22:00',1,67,NULL),(69,69,17,'11/22/2020','19:55:00',2,67,NULL),(70,70,34,'04/02/2021','05:55:00',1,90,NULL),(71,71,57,'03/30/2021','20:05:00',1,56,NULL),(72,72,145,'10/12/2020','19:03:00',1,91,NULL),(73,73,3,'08/10/2020','07:13:00',2,42,NULL),(74,74,25,'06/05/2021','09:17:00',2,52,NULL),(75,75,42,'09/02/2020','22:56:00',1,67,NULL),(76,76,132,'06/03/2021','11:19:00',2,57,NULL),(77,77,109,'07/15/2020','21:49:00',2,91,NULL),(78,78,25,'02/12/2021','00:30:00',1,76,NULL),(79,79,12,'04/18/2022','10:11:00',2,84,NULL),(80,80,114,'03/20/2022','19:38:00',1,69,NULL),(81,81,106,'07/18/2021','18:00:00',1,59,NULL),(82,82,40,'10/20/2020','18:28:00',1,60,NULL),(83,83,117,'10/01/2021','02:30:00',1,85,NULL),(84,84,81,'04/04/2022','13:05:00',1,78,NULL),(85,85,19,'09/14/2020','05:48:00',2,91,NULL),(86,86,67,'06/21/2021','23:29:00',1,53,NULL),(87,87,102,'04/06/2022','20:49:00',1,50,NULL),(88,88,99,'04/06/2021','01:45:00',2,85,NULL),(89,89,32,'05/27/2021','00:13:00',1,58,NULL),(90,90,13,'04/29/2022','15:21:00',1,61,NULL),(91,91,150,'01/10/2021','09:34:00',2,59,NULL),(92,92,33,'07/30/2020','04:15:00',2,81,NULL),(93,93,90,'12/15/2021','04:11:00',1,56,NULL),(94,94,14,'02/14/2021','13:50:00',1,42,NULL),(95,95,130,'09/04/2021','17:44:00',1,62,NULL),(96,96,95,'05/20/2022','19:12:00',1,86,NULL),(97,97,68,'07/24/2020','08:55:00',1,67,NULL),(98,98,10,'06/09/2021','21:46:00',2,94,NULL),(99,99,2,'06/28/2021','01:51:00',1,77,NULL),(100,100,56,'11/22/2020','20:48:00',2,38,NULL);
/*!40000 ALTER TABLE `rdv` ENABLE KEYS */;
UNLOCK TABLES;

--
-- Table structure for table `stocks`
--

DROP TABLE IF EXISTS `stocks`;
/*!40101 SET @saved_cs_client     = @@character_set_client */;
/*!40101 SET character_set_client = utf8 */;
CREATE TABLE `stocks` (
  `STOCKNum` int(11) NOT NULL AUTO_INCREMENT,
  `MEDICNum` int(11) NOT NULL,
  `PHARNum` int(11) NOT NULL,
  `Qte` int(11) DEFAULT NULL,
  PRIMARY KEY (`STOCKNum`),
  KEY `stocks_medicaments_MEDICNum_fk` (`MEDICNum`),
  KEY `stocks_pharmacie_PHARNum_fk` (`PHARNum`),
  CONSTRAINT `stocks_medicaments_MEDICNum_fk` FOREIGN KEY (`MEDICNum`) REFERENCES `medicaments` (`MEDICNum`),
  CONSTRAINT `stocks_pharmacie_PHARNum_fk` FOREIGN KEY (`PHARNum`) REFERENCES `pharmacie` (`PHARNum`)
) ENGINE=InnoDB AUTO_INCREMENT=151 DEFAULT CHARSET=latin1;
/*!40101 SET character_set_client = @saved_cs_client */;

--
-- Dumping data for table `stocks`
--

LOCK TABLES `stocks` WRITE;
/*!40000 ALTER TABLE `stocks` DISABLE KEYS */;
INSERT INTO `stocks` VALUES (1,1,11,49),(2,2,54,28),(3,2,90,22),(4,3,83,15),(5,4,46,44),(6,4,74,18),(7,5,12,17),(8,5,50,46),(9,5,75,38),(10,5,93,36),(11,5,99,48),(12,6,33,27),(13,6,60,42),(14,7,7,16),(15,7,12,19),(16,7,36,24),(17,7,63,27),(18,7,85,43),(19,8,35,48),(20,8,87,37),(21,9,28,46),(22,9,41,37),(23,9,49,27),(24,10,7,39),(26,11,7,19),(27,11,14,34),(28,11,43,15),(29,11,73,15),(30,11,76,31),(31,11,97,36),(32,12,70,37),(33,13,64,46),(34,13,66,26),(35,13,98,48),(36,14,14,40),(37,14,79,28),(38,15,15,40),(39,15,43,17),(40,16,95,25),(41,16,99,21),(42,17,25,31),(44,18,76,35),(45,18,91,41),(46,19,73,40),(47,20,25,33),(48,20,41,22),(49,20,57,27),(50,21,8,18),(51,21,9,26),(52,21,60,39),(53,22,2,21),(54,22,17,24),(55,22,71,23),(56,22,80,46),(57,22,93,31),(58,24,19,50),(59,24,42,46),(60,24,56,48),(61,24,81,37),(62,26,20,22),(63,26,25,37),(64,26,60,48),(65,26,62,19),(66,26,85,18),(67,26,88,28),(68,27,14,19),(69,27,34,20),(70,27,85,46),(71,27,86,18),(72,27,88,32),(73,28,38,20),(74,28,57,31),(75,29,2,43),(76,29,34,49),(77,29,60,46),(78,29,75,22),(79,29,95,20),(80,30,30,37),(81,30,45,19),(82,30,56,40),(83,30,66,49),(84,30,98,31),(85,31,19,31),(86,31,47,48),(87,32,26,49),(88,32,44,30),(89,33,83,41),(90,34,1,19),(91,34,13,46),(92,34,92,21),(93,36,13,44),(94,36,51,35),(95,36,85,37),(96,36,91,30),(97,37,1,33),(98,37,3,24),(99,37,35,20),(100,37,53,46),(101,37,67,32),(102,37,72,45),(103,38,14,31),(104,38,20,16),(105,38,47,36),(106,38,92,27),(107,39,14,31),(108,39,24,26),(109,39,38,20),(110,39,65,29),(111,39,67,40),(112,40,19,44),(113,40,26,39),(114,40,33,47),(115,40,43,48),(116,41,30,50),(117,41,32,29),(118,41,47,42),(119,41,50,15),(120,41,63,31),(121,42,32,39),(122,42,77,21),(123,42,93,43),(124,43,68,16),(125,43,76,49),(126,44,5,29),(127,44,10,31),(128,44,11,39),(129,44,25,17),(130,44,28,21),(131,44,58,37),(132,44,62,16),(133,44,74,43),(134,44,75,29),(135,45,76,49),(136,46,15,43),(137,46,45,18),(138,46,47,29),(139,46,89,30),(140,47,86,34),(141,47,91,48),(142,48,41,41),(143,48,79,42),(144,49,38,23),(145,49,72,27),(147,50,36,26),(148,50,54,18),(149,50,61,32),(150,50,70,36);
/*!40000 ALTER TABLE `stocks` ENABLE KEYS */;
UNLOCK TABLES;

--
-- Table structure for table `user`
--

DROP TABLE IF EXISTS `user`;
/*!40101 SET @saved_cs_client     = @@character_set_client */;
/*!40101 SET character_set_client = utf8 */;
CREATE TABLE `user` (
  `id` int(11) NOT NULL AUTO_INCREMENT,
  `username` varchar(255) NOT NULL,
  `role` varchar(255) DEFAULT NULL,
  `password` varchar(255) DEFAULT NULL,
  PRIMARY KEY (`id`)
) ENGINE=InnoDB AUTO_INCREMENT=5 DEFAULT CHARSET=latin1;
/*!40101 SET character_set_client = @saved_cs_client */;

--
-- Dumping data for table `user`
--

LOCK TABLES `user` WRITE;
/*!40000 ALTER TABLE `user` DISABLE KEYS */;
INSERT INTO `user` VALUES (1,'userDB','user','d93f6dc4e0418c4334920125652c978a0b25e031c401368685a24d85d760fba1b00ef2179f32c1453f7fc0cba2c1af56595f52b7b27fc9d200158409435710ec'),(2,'poukram','handler','530c188f4c1166e3a7aab3b2cc99f3689fd06be415407606301d846da02c0b89cdc07041cc6ab59fdd0e48c36d7281a8e56c35b1992c88ef4146874f7e1748e3'),(3,'Galifire','admin','a6196c4863908939969bf099699c3507e4958ee71e26b364215a5e71ceaf2ea1c06a5aea59ce3aefadff0e4ac1f076be82ed74a9d937c678a59054075910806f'),(4,'',NULL,'cf83e1357eefb8bdf1542850d66d8007d620e4050b5715dc83f4a921d36ce9ce47d0d13c5d85f2b0ff8318d2877eec2f63b931bd47417a81a538327af927da3e');
/*!40000 ALTER TABLE `user` ENABLE KEYS */;
UNLOCK TABLES;
/*!40103 SET TIME_ZONE=@OLD_TIME_ZONE */;

/*!40101 SET SQL_MODE=@OLD_SQL_MODE */;
/*!40014 SET FOREIGN_KEY_CHECKS=@OLD_FOREIGN_KEY_CHECKS */;
/*!40014 SET UNIQUE_CHECKS=@OLD_UNIQUE_CHECKS */;
/*!40101 SET CHARACTER_SET_CLIENT=@OLD_CHARACTER_SET_CLIENT */;
/*!40101 SET CHARACTER_SET_RESULTS=@OLD_CHARACTER_SET_RESULTS */;
/*!40101 SET COLLATION_CONNECTION=@OLD_COLLATION_CONNECTION */;
/*!40111 SET SQL_NOTES=@OLD_SQL_NOTES */;

-- Dump completed on 2022-06-08  2:22:29
